id,tipo,grado,grado_ponderado,pagerank,betweenness_gc,closeness_gc,nombre
UCdFlugHJJa4l3YqWuNRmvXw,autor,2,2,0.0026983617584240773,0.04808500123548307,0.21623672230652505,@MarcosCarillo-b1r
UCvl1tzQeBeGy6efPTRJXSCw,autor,1,1,0.0014900677837631298,0.0,0.12566137566137567,@RaulPerez-cw2vi
UCRAquv8el-tQ30bN7MlmySQ,autor,1,1,0.0015012876402744307,0.0,0.21396396396396397,@iamjimalesssa
UCkbsS_3D-pvg1iHOld9uvIg,autor,1,1,0.0015012876402744307,0.0,0.21396396396396397,@gonzalo6075
UCOLHH4ZpMxPYF-Q6e6wvn5A,autor,1,1,0.0012806576023992745,,,@luisroldan7374
UCi2KiZq63sRq8Mfbcp-MelQ,autor,1,6,0.0055471934776435096,,,@eugeneramirez4405
UCXl30Y_upRqbti52fmjK4YA,autor,1,1,0.0015133016567510666,0.0,0.15175718849840256,@capitanfrans
UCRelkU8JiZBytTzebJxaa-w,autor,1,1,0.0013102170967186151,0.0,0.27246653919694075,@danyraymundo2942
UCgLurCo-e019HGODcjXHWCw,autor,1,1,0.0015921333404745244,,,@perritojuega1
UCDIMztpVm7G27qBuiWuT6oQ,autor,1,1,0.0013102170967186151,0.0,0.27246653919694075,@lizardomorataya8274
UCZOmq6MwFDVoCaEl99BRRaw,autor,1,1,0.0013678165077211383,0.0,0.20622286541244572,@daniloarevalo3170
UCFybmWapGvBKcQod7cPPH9w,autor,1,1,0.0012314659094801788,0.0,0.16285714285714287,@vitalianochavez8382
UCh5ESQvtzyHDhCA7XyekCFA,autor,1,3,0.0030759504354549902,0.0,0.27246653919694075,@andyB5280
UCWIZUtKJ636y-4TYrNvok0g,autor,1,1,0.0013102170967186151,0.0,0.27246653919694075,@cesarandreas7824
UCzoL2l5H5eVlorWGH8AZfAg,autor,1,1,0.0013102170967186151,0.0,0.27246653919694075,@jor77cas
UCKVzDUqbtdSMBcexaEtMmzQ,autor,1,1,0.0018670735454650957,,,@rotorairgroup8409
UCNpt5CQlTzNjlAKY6CJtClQ,autor,1,1,0.0015012876402744307,0.0,0.21396396396396397,@eustaquiogomez9975
UCut6b9S98nv84cVX89PmKzA,autor,1,2,0.0021930837660868027,0.0,0.27246653919694075,@yeniferaguirre4498
UCQyOePccUP-fIJYzchAgZYw,autor,1,1,0.0015012876402744307,0.0,0.21396396396396397,@aguilar4254
UCOLGv5Pf6BF2wFcwUzgcvHg,autor,1,2,0.0021930837660868027,0.0,0.27246653919694075,@welfrealdana5559
UCAxvOOHQk7dYPOajzFEVtbA,autor,1,2,0.002552785140175832,0.0,0.12566137566137567,@ruddydepaz322
UCQ_-LPP8JAbfkc-b1Q6NvWw,autor,1,2,0.0021930837660868027,0.0,0.27246653919694075,@MegaKristenstewart
UCXmrpc6Li0spcKxtS0Q_ptg,autor,1,1,0.0015921333404745244,,,@melvinperez6710
UCZ51R_9Q9C0c8I3pAWhtmjQ,autor,1,1,0.0013102170967186151,0.0,0.27246653919694075,@belvettzapeta1251
UCPLW0HE3siElqCgXfgWxMqg,autor,1,1,0.002849002849002849,,,@elizabethmonterroso7719
UCxhtlxPV8AYWaNNyU6S9H8Q,autor,1,1,0.0012806576023992745,,,@WilR-s8r
UCvcu1kR8xMYy_I1Ty-2mV2Q,autor,3,4,0.004536042417337276,0.0413639733135656,0.2126865671641791,@hashojea7348
UCaKAjTW9MVub_clgr4DRYjQ,autor,1,1,0.0015012876402744307,0.0,0.21396396396396397,@josecastillo4390
UCxff05WuyvwELNITi7bj7UA,autor,1,1,0.0013102170967186151,0.0,0.27246653919694075,@markoherrera
UCZLG9qH0tUjNhEGFIUt0CYw,autor,1,1,0.0013102170967186151,0.0,0.27246653919694075,@SoniaMarroquin-y6e
UCwgCc9Jd_gG-uLE_SY-FfPg,autor,1,1,0.0015012876402744307,0.0,0.21396396396396397,@armindapenados2841
UCXSkL3ejZ8qWYyF_M7s_QKA,autor,1,1,0.0013102170967186151,0.0,0.27246653919694075,@JacintaTzoy
UChs3tU2BcKOT0CezykvAsGw,autor,1,3,0.0030759504354549902,0.0,0.27246653919694075,@byronpontaza
UC6PvO1_k5lHKGdAPo5_C6TA,autor,1,1,0.0013102170967186151,0.0,0.27246653919694075,@johnmejia992
UCwxoKK59nGCeBqB2sXfDBIw,autor,1,1,0.0012314659094801788,0.0,0.16285714285714287,@vic-bonivideos
UCWaRixDdpgllTBf4V0jPnKQ,autor,1,2,0.00203558139160993,0.0,0.16285714285714287,@hectormaaz5523
UCkVtmkK07b2zaVVNssX4lOg,autor,1,1,0.0015012876402744307,0.0,0.21396396396396397,@HectorElias-u2l
UCN6qbfPSzFtjhqUDZ3Cv3CQ,autor,1,1,0.0013102170967186151,0.0,0.27246653919694075,@carlosmedranovelasquez6380
UC95PSMouTx2N5CbSq0hIyrQ,autor,1,1,0.0015012876402744307,0.0,0.21396396396396397,@lisss1908
UCueV9cTyTDwgQSec1x2dYgA,autor,1,1,0.0013102170967186151,0.0,0.27246653919694075,@fredydomingo7062
UC5H8ASmMC9WrURmzeB4ySog,autor,1,5,0.004841683774191365,0.0,0.27246653919694075,@ManuelEdran
UCHhHUjaMAZ8SiXdCUCj9DkQ,autor,1,2,0.0021930837660868027,0.0,0.27246653919694075,@fredymendez1786
UCgvw7xIdGFupzpt1Y_BFkEA,autor,1,1,0.0013102170967186151,0.0,0.27246653919694075,@fredygarcia9151
UCeDNEtI8_a42bZ47wJiJMwQ,autor,1,1,0.0015012876402744307,0.0,0.21396396396396397,@EdgarcalderonCalderong
UCiOZX__1gahg1ypIj0_XG_w,autor,1,1,0.0012314659094801788,0.0,0.16285714285714287,@mariogonzalezorellana8956
UCqCrvuoJpC-aVb0f4logQRQ,autor,1,1,0.0015012876402744307,0.0,0.21396396396396397,@Lyrics_GT
UCld2stqxaVSk0QdGncM224A,autor,1,1,0.0018670735454650957,,,@sarahernandez3873
UCpIdtvoFHVLGASGB5ySqIEA,autor,1,1,0.0013102170967186151,0.0,0.27246653919694075,@VidalVillatoro-p4w
UCtiHFjFu7d5v2XxHnKFUYig,autor,1,1,0.0012806576023992745,,,@Paul-gf7ec
UCQM2tCKRRytVDRxNUfCDqQQ,autor,1,1,0.002849002849002849,,,@elioelias7267
UCWvntqPQx99k_Z_skWKqNSA,autor,1,1,0.0012314659094801788,0.0,0.16285714285714287,@AntonioChiyal-x5s
UCoGdCoJg2Lh0OX_jv6cG16g,autor,1,2,0.00203558139160993,0.0,0.16285714285714287,@Israel-u5i7i
UChgkn5Jt5tWKYMoEOuCjz3Q,autor,1,1,0.0013102170967186151,0.0,0.27246653919694075,@pablochitay46
UCiC-Jn7wdgyQV4_Urk0DkWQ,autor,1,1,0.0015012876402744307,0.0,0.21396396396396397,@pedroros6358
UCQIdKuZ-OzuFqy0KjGrgesg,autor,1,1,0.0019761768014137345,,,@lyacausa
UCXr8_5WtGeipe4haOoQDgyQ,autor,1,1,0.0013102170967186151,0.0,0.27246653919694075,@amyherrera7352
UC_3xuTXvMIWU5MYP9HkJ3vQ,autor,1,1,0.0014900677837631298,0.0,0.12566137566137567,@Historia-wm4os
UCFjudnPLoaSL1BaRuLahyHg,autor,1,3,0.0030759504354549902,0.0,0.27246653919694075,@HaroldoCastillo-rh9iw
UC-pNP6RMFuLg_-x7Ah_0kEA,autor,1,1,0.0013102170967186151,0.0,0.27246653919694075,@almacatalan2717
UC1Y7x3h0c95Z8kUhi-Tzaeg,autor,1,1,0.0012735810348890398,0.0,0.20955882352941177,@rosadiaz9235
UC1WlJfQmaIskYhP4gmWoamw,autor,1,1,0.0012806576023992745,,,@marthareiss5434
UC3MYTqpQqlWBuCB7Th0e0PA,autor,1,1,0.0013102170967186151,0.0,0.27246653919694075,@isaaclopez7220
UCOcUI5XkTYNMSFhZNMIPpGg,autor,1,1,0.0015012876402744307,0.0,0.21396396396396397,@hendersonlopez3864
UCOS8ViEkccrTZx2w2ccxotA,autor,1,1,0.0013102170967186151,0.0,0.27246653919694075,@OscarHernandez-q8y
UC3iIU62XKUOWuqL8BqBzj9A,autor,1,1,0.001594478004275582,0.0,0.17947103274559195,@antonioduarte2288
UCV3fr-YOixFKCZBbJP1-X4w,autor,1,5,0.004447927837999185,0.0,0.16285714285714287,@albertoshernandez5251
UCmjppp6ujz3SAnULvP3sZMw,autor,1,1,0.0013102170967186151,0.0,0.27246653919694075,@marcomendez7509
UC5PyGvSfFM--OVKmQ3COu6g,autor,1,1,0.0015921333404745244,,,@FreddyGmez
UCQqetiwzzmRNTM5OWuXarGQ,autor,1,1,0.0013102170967186151,0.0,0.27246653919694075,@isaiaslopezvelasquez1539
UCCaYwkkbQGcvFoUmothVdQQ,autor,1,1,0.0013102170967186151,0.0,0.27246653919694075,@OsvaldoAguirre-l3i
UCQgYjVngJRfPHDLGB5X6ZjA,autor,1,1,0.0013102170967186151,0.0,0.27246653919694075,@oscarnavas9996
UCN2N_wYOw6fMwCeSzdXLPIw,autor,1,1,0.0012735810348890398,0.0,0.20955882352941177,@danielantoniogonzalezflore4901
UC9vMq1YF-e7C-VO0SHkbUTA,autor,1,4,0.003958817104823178,0.0,0.27246653919694075,@ErvinLeonardoCarreraLatín
UC8F2V63KZ4ZEay6opX2hAQw,autor,1,1,0.0013102170967186151,0.0,0.27246653919694075,@carmenr6311
UCheEJ5GZuIvV0fj-nXyVwXw,autor,1,1,0.0012314659094801788,0.0,0.16285714285714287,@rosaoliva9389
UCujPF2nBgsTD62nWE3lcpIg,autor,1,1,0.0013102170967186151,0.0,0.27246653919694075,@victorarturoruanobautista7588
UCV0iizTBoOfdAFX_thfI9BA,autor,1,1,0.0013102170967186151,0.0,0.27246653919694075,@BenjaminLarios-jd8nk
UCp29O_C7cchZV8IxV7Crdag,autor,1,2,0.00203558139160993,0.0,0.16285714285714287,@robertoescobar5507
UCkxdJ_yGN2gghOMo2ybQtXQ,autor,1,1,0.0015133016567510666,0.0,0.15175718849840256,@11223344An
UCjZgFEowMBrsjodqfovzdKw,autor,2,2,0.0022941832658928815,0.08737336298492711,0.16531322505800464,@franciscoflores3120
UC4wq3DcbfaG6dtCqn8Oyu3w,autor,1,1,0.0013102170967186151,0.0,0.27246653919694075,@hugoasencio7764
UCVC2QugcI1G4RvlCiUqd1aQ,autor,1,2,0.002308282588091849,0.0,0.20622286541244572,@rwdm76
UCXVLc8CmAO813ubM-fLvCDw,autor,1,1,0.0015133016567510666,0.0,0.15175718849840256,@herminiasaquimux7565
UCwW2OFy95P7ZBkOPxWkpvYg,autor,1,2,0.0021930837660868027,0.0,0.27246653919694075,@TeresaLucero-b5o
UC3XTwHxygNCgjndsg-UiCQA,autor,1,3,0.0030759504354549902,0.0,0.27246653919694075,@marioajset4283
UCgQw_Sbq3ugruDUKsq1e0-A,autor,1,1,0.0015012876402744307,0.0,0.21396396396396397,@marlenareano-h4t
UCL13XhnRzbGokEkCkEOb0-g,autor,1,2,0.0021930837660868027,0.0,0.27246653919694075,@raquelprado3643
UCQtSFINs1h6GHkpg9o5kMvg,autor,1,1,0.0013102170967186151,0.0,0.27246653919694075,@MacarioMartinezruiz
UC2ngpd8UBQu4gcUYy0goAtg,autor,1,1,0.0014900677837631298,0.0,0.12566137566137567,@juliohernandez7438
UC7IMsCxfZyWN7YQo8-JYa6Q,autor,1,2,0.002119811642427652,0.0,0.20955882352941177,@Burgos68
UCzSfZlOVxBSs5ObD25ywxDQ,autor,1,1,0.0013102170967186151,0.0,0.27246653919694075,@GilmarMaldonado-q9m
UCLFdHr9BEbXHkoJopbEPLZw,autor,1,2,0.0021930837660868027,0.0,0.27246653919694075,@kanterra4584
UCNkcuy42zEwddwEcOd_HpnA,autor,1,1,0.0013102170967186151,0.0,0.27246653919694075,@vanigomez492
UCJp3OrVYcBorC94sKwdch_A,autor,1,1,0.0013678165077211383,0.0,0.20622286541244572,@ULJoshmg2011
UCLh1Kde4_vI1sTZBkTNP7RQ,autor,1,1,0.0016244245455000737,0.0,0.1520811099252935,@JoelReynoso-d4r
UCThW2XNsAaBKme5PUt7n-Zg,autor,1,1,0.0013102170967186151,0.0,0.27246653919694075,@thelmamoran8565
UC6YSZqL0vEcI-niPKIMUGfw,autor,1,1,0.0013102170967186151,0.0,0.27246653919694075,@maxwellsales885
UCNBnKqWf4d-rS4HwJRQljmQ,autor,1,2,0.0021930837660868027,0.0,0.27246653919694075,@LE_A22
UCO0zwwLWGyDgQmWPJ5Qrr1w,autor,1,1,0.0014900677837631298,0.0,0.12566137566137567,@elsalvador3605
UCwjUvRseNtJoItylIyIez7Q,autor,1,1,0.0015012876402744307,0.0,0.21396396396396397,@Silviazea
UCTwSut16JyAg3mX6LVUNGqA,autor,1,1,0.0013102170967186151,0.0,0.27246653919694075,@SuperVictor2005
UCLggDc_a5HriXv7I1h02sOA,autor,1,2,0.0021930837660868027,0.0,0.27246653919694075,@guillermogonzalez5153
UCwO2SXr0ggzwg6QWWrr01nQ,autor,1,1,0.0013102170967186151,0.0,0.27246653919694075,@ricardofigueroa5720
UC816IGbFCZinfYS1LRDaaHg,autor,1,1,0.0015012876402744307,0.0,0.21396396396396397,@ingenieroar
UC3qn1yJA5PeW9rkGPatQxiw,autor,1,1,0.0013102170967186151,0.0,0.27246653919694075,@VICTOREST19
UCaT4saRcyqCLE657Rq2hhZQ,autor,1,1,0.0012314659094801788,0.0,0.16285714285714287,@elmilenial4064
UCc_F88PzGWtA1OPNUEASulA,autor,1,1,0.0015133016567510666,0.0,0.15175718849840256,@rockyscarlet
UCErZPJpHmLCsXs8ZWkAUupQ,autor,1,1,0.0013102170967186151,0.0,0.27246653919694075,@dorisl.garciaroche7763
UCFOxCyF926Y9eHhMeVoWLzw,autor,1,1,0.0015921333404745244,,,@arielsarc09
UC72gBAtyb_VXQlYDcFrh6oQ,autor,1,3,0.0030759504354549902,0.0,0.27246653919694075,@osmanmorales3012
UCi1b_TRQfgO1Z9O2gNGGWNA,autor,1,2,0.0021930837660868027,0.0,0.27246653919694075,@davidisraelesquitsaquil
UCBlm80VQ4YoV3bUJR_XhkaQ,autor,1,2,0.0021339647774481214,,,@rosadiaz6945
UColMq7LmaoY3MT6aIDGrGvA,autor,1,1,0.0015012876402744307,0.0,0.21396396396396397,@quijotachapina1
UCat2qkYvqmtDNEmo2PVuhXw,autor,1,1,0.0012806576023992745,,,@DoraSalas-j5o
UCSTAUWVc1_82DHYeqOsqEFA,autor,1,1,0.0015921333404745244,,,@TheAlexX_C
UCcFIBN-rtC3d3hXeuN5TfWw,autor,1,1,0.0015133016567510666,0.0,0.15175718849840256,@DenisRMC
UCV0lM03g5fg5pbPj97-sAtA,autor,1,1,0.0015012876402744307,0.0,0.21396396396396397,@genarodelgado3929
UC_ljZ1hZXR9pzexFz87P5ZA,autor,1,1,0.0015921333404745244,,,@ChRiStOpHeR7969
UCLXYp1Cvc5DLtq5UQL5D9vw,autor,1,1,0.0014900677837631298,0.0,0.12566137566137567,@jorgecifuentes-m5g
UCfjhejO7LZy4doXURa7LZCQ,autor,1,1,0.0014900677837631298,0.0,0.12566137566137567,@HonwayLee-z5g
UCplrIQtaPj6au60_f2-mOYw,autor,1,1,0.0013102170967186151,0.0,0.27246653919694075,@romeolopezherrarte799
UCql1n3Ey6ULMSOACjMe-fxQ,autor,1,1,0.0012314659094801788,0.0,0.16285714285714287,@RolandoGonzalez-o7g
UCZFQwqh90apuL8eFhvRBkUg,autor,1,1,0.0012314659094801788,0.0,0.16285714285714287,@luisricardo9671
UCyJhqmMbsvjpoarBBStA2kg,autor,1,6,0.005252043320128936,0.0,0.16285714285714287,@Murmullodelbarrio
UC63tFvbQ_hJhGDi2nbjssjw,autor,1,1,0.0012314659094801788,0.0,0.16285714285714287,@AbigailRodas-w2r
UCtCtts20bW6F9CSohau51Iw,autor,1,2,0.00203558139160993,0.0,0.16285714285714287,@carlosgranados9875
UCcfdg8crmMJwEuLUsAhV7yg,autor,1,1,0.0013102170967186151,0.0,0.27246653919694075,@RolandoRaguay
UC6Uj1FT5JjDSF8vudvDxPAA,autor,1,1,0.0015012876402744307,0.0,0.21396396396396397,@alfredoortega9264
UCj-LL25XJnjxepPKCc3NGog,autor,1,1,0.0013102170967186151,0.0,0.27246653919694075,@anaaguirre8985
UC1DpqK6vaPEkBOMNvypsKYg,autor,1,1,0.0015012876402744307,0.0,0.21396396396396397,@HectorCarranza-u4j4o
UCpsKOkt5iWTbenzeuq7dsmQ,autor,3,3,0.0033246203900133293,0.4636520879663949,0.32608695652173914,@inge_vergueta
UCDftMWXQoJ6nONfY7GVOVjg,autor,1,1,0.0013102170967186151,0.0,0.27246653919694075,@luisgpacheco5858
UCYwpX26TrCxq8TvbKGRYLXA,autor,1,1,0.0013102170967186151,0.0,0.27246653919694075,@beneficioelcaminovillacana8540
UCUIIIPTVDVHAXqhC_5V6lPA,autor,1,1,0.0013102170967186151,0.0,0.27246653919694075,@gorrarota
UCzZ6dDCEsLMXbc5pCFXIprw,autor,2,2,0.002077696517018791,0.2668643439584878,0.22440944881889763,@josegil3813
UCNIeXbV_mEwpa412h1aqUWw,autor,1,3,0.0029660422499662637,0.0,0.20955882352941177,@juandeleon9060
UC_6KbBY1bsYXz9fwFS0eQRg,autor,1,1,0.0013678165077211383,0.0,0.20622286541244572,@imrcp5694
UCDQaQv0hr2SS_PO-CMEwVHg,autor,1,1,0.0013102170967186151,0.0,0.27246653919694075,@federicosaquimux1933
UCefAH1MbvADWUjE9WVcB9EQ,autor,1,1,0.0015133016567510666,0.0,0.15175718849840256,@jabriz8152
UCEHXl4VvvVpq-_4xC5tsbhg,autor,1,1,0.0012314659094801788,0.0,0.16285714285714287,@anibalg47
UCeQk-WfEA-cJRq4EKeE7TOw,autor,1,1,0.0012314659094801788,0.0,0.16285714285714287,@franciscojuarez9223
UCkd9W714-947dEE6ZOEBATA,autor,1,2,0.0021930837660868027,0.0,0.27246653919694075,@ARGELIATELON
UCljDbleJul41G1TzOjOZAVA,autor,1,1,0.0013102170967186151,0.0,0.27246653919694075,@hectorcarranza3777
UCGGHbtfbbe0o68etrOf0qxw,autor,1,1,0.0015012876402744307,0.0,0.21396396396396397,@karensussetteleonvargas9794
UCVdjCrh4tQoX3haNAZv-n5A,autor,1,1,0.0012806576023992745,,,@aurahernandez5646
UCZeIIQrGAedW8tCbKWmGY-A,autor,1,1,0.0015012876402744307,0.0,0.21396396396396397,@mariocordon8873
UCFUuDARXdmmIrLppEqf-rFg,autor,1,1,0.0013102170967186151,0.0,0.27246653919694075,@allanmunoz7410
UCCUmP4PlbwgikVFpYwbtRTg,autor,1,1,0.0015133016567510666,0.0,0.15175718849840256,@alhvi
UCfXykdbSU97rj987LDUGfvg,autor,1,1,0.0014900677837631298,0.0,0.12566137566137567,@MariaSantos-c8y3h
UC4Avya4kmR4Q0FrfFdBozSQ,autor,1,1,0.0015012876402744307,0.0,0.21396396396396397,@davidlima1348
UChep9kVb5gQmpodEEl10Xlg,autor,1,1,0.0013102170967186151,0.0,0.27246653919694075,@carlosaguilar-kz7ml
UCtsxPYw8VUsH_FfnKg-0lmw,autor,1,1,0.0012314659094801788,0.0,0.16285714285714287,@AlejandroPérez-b6r
UCRlCV9zSn7avAWh-9_XFWqQ,autor,1,1,0.0013102170967186151,0.0,0.27246653919694075,@ronyarana8849
UCfo_yUPzy1f1POwwZxhZ06Q,autor,1,1,0.0012314659094801788,0.0,0.16285714285714287,@lara11roberto
UCTylKrsqkrBKIqubMu_5N0Q,autor,1,1,0.0013102170967186151,0.0,0.27246653919694075,@edwingeovanymarroquinmarro6684
UC5hvEnRUzI4Kfvwnyi4QxqQ,autor,1,1,0.0015012876402744307,0.0,0.21396396396396397,@leonelsantizo5281
UCVhif9eV0f8plICen2DnpKA,autor,1,1,0.0015691590271952158,0.0,0.15015806111696522,@blogarteplus
UC1vr9aaMI2crB0NvwFHUeoQ,autor,1,1,0.0013102170967186151,0.0,0.27246653919694075,@JoseSimilox-p6e
UCEgEQmRbtL5fwr9_DqAC--g,autor,1,1,0.0013102170967186151,0.0,0.27246653919694075,@ArielRodas-g5y
UCIUhbSCy3-SGRe5UtqM4fzQ,autor,1,1,0.0015921333404745244,,,@jeanmorales1677
UCozFYHN0e_-vlQbX3wQGOug,autor,1,1,0.0012806576023992745,,,@jesusguzman2321
UCQMMuADgqWUOcJpLwHOzC-g,autor,1,1,0.0012806576023992745,,,@Ripped-Yoda
UC-QOpE7GOxlXcHZ8b7HbQKA,autor,1,2,0.0021339647774481214,,,@mariaalexander427
UC0RpuMwkDKJYqgKHtsJRuWQ,autor,1,1,0.0015921333404745244,,,@sabinamarinaguerra3248
UC-HeUTT6_g-VoiWds2a4H-w,autor,1,1,0.0012314659094801788,0.0,0.16285714285714287,@JorgeMunoz-gd9et
UC2Y_EHWQKevubk4vOEBBFxw,autor,1,1,0.0013102170967186151,0.0,0.27246653919694075,@alfonsomorales2653
UCwEe1RKlEv1UpNWmWYfSh4w,autor,1,1,0.0015133016567510666,0.0,0.15175718849840256,@marioramirez299
UCQtICyzWmhC5woCtbNgaSmg,autor,1,2,0.0021930837660868027,0.0,0.27246653919694075,@nestormendez6216
UCDlr1VadSucIZgZ171pRBjQ,autor,1,1,0.0013102170967186151,0.0,0.27246653919694075,@cuabatzjj5924
UCxKR3RA8T-kxMgq_2WWhRcQ,autor,1,1,0.0015921333404745244,,,@elenaluarca9377
UCJxJC56BSAX-ArD0NAb9qnQ,autor,1,1,0.002194383313311013,,,@alfonsowilian9157
UCqilIa8r7iek5sGYg_q6ofA,autor,1,1,0.0015921333404745244,,,@rolandojuchuna484
UCyor0Mmm0ivLX2jIdyGp84Q,autor,1,1,0.002194383313311013,,,@MiguelJordan-n3g
UCpe5jW3MIqkgTJ-PgkzvM6Q,autor,1,1,0.0015012876402744307,0.0,0.21396396396396397,@carloslam5333
UCz3gu01bmjNv0DpRq-K3XYg,autor,1,2,0.0021930837660868027,0.0,0.27246653919694075,@eusebiovasquez4385
UCuXmOjxC-htcprLgeVXz6Tg,autor,1,1,0.0015012876402744307,0.0,0.21396396396396397,@jorgeaguilar-bq3uj
UCySYJU5kUh7X8gVt9la2ISA,autor,1,1,0.0013102170967186151,0.0,0.27246653919694075,@dantesarti4351
UCHTGCgY2l-DQJIvlA_cpa_Q,autor,2,3,0.003039314373625415,0.34949345193970843,0.3104575163398693,@virgiliogarcia3039
UCPNXmbOBVeC4HS-xemvcPtQ,autor,1,1,0.0012806576023992745,,,@BelkisRodriguezRamirez
UCtUR3_CAiE7fCoZHM6cMfyQ,autor,1,1,0.0013102170967186151,0.0,0.27246653919694075,@mdelcid01
UCGj2v6Gl5bN8NSrzJMXS-CA,autor,1,1,0.0015691590271952158,0.0,0.15015806111696522,@juliogutierrez492
UCbrtvygfRT6QXqWDNrOf-cA,autor,2,2,0.0024537677371217776,0.09747961452928096,0.21079881656804733,@Alejandro00710
UCOh6DaZC_x9HASnlRylEMfw,autor,1,1,0.0013102170967186151,0.0,0.27246653919694075,@AndresMedina-v1s
UCL1MT278vSaQ83ZDkVWn1gw,autor,1,1,0.0013102170967186151,0.0,0.27246653919694075,@elmorodriguez6978
UC8G5cJONY8L9voMyBW8Eoug,autor,1,1,0.0013102170967186151,0.0,0.27246653919694075,@luisparedes-pw6qt
UC7VUuJr9cGh845CmTvf7TlQ,autor,1,1,0.0013102170967186151,0.0,0.27246653919694075,@LuisCastillo-oz4df
UCFhxtoeARHPnXXPcDrOU3Xg,autor,1,1,0.0013102170967186151,0.0,0.27246653919694075,@diegoalejandrolopezmendez205
UCAlzM_N6xBlMYmM8EBzX86Q,autor,1,1,0.0013102170967186151,0.0,0.27246653919694075,@carlossoto3252
UClqA491Xa5fQcXcJJa-vTWw,autor,1,1,0.0015012876402744307,0.0,0.21396396396396397,@AndresLemus-k2d
UCvDwJBBY1mHK70aTEYl6rsA,autor,1,1,0.0012314659094801788,0.0,0.16285714285714287,@cristianescobedo8296
UCWWkebAekppaL5b5CNlppuw,autor,1,1,0.0019761768014137345,,,@ninettmartinez425
UCjmPuazZJzscrwvk0QR9RVw,autor,1,1,0.0013102170967186151,0.0,0.27246653919694075,@mynorrodas8591
UCipetjeiWj4CZB6EbyYziZg,autor,1,1,0.0013102170967186151,0.0,0.27246653919694075,@OseasSamayoa-ol5rz
UCZIQnb1fkwe39Iw2TAu-bGA,autor,1,1,0.0015691590271952158,0.0,0.15015806111696522,@jorgegomez2237
UCTP3O0rMnc8z8v8jaDQwL0w,autor,1,1,0.0013102170967186151,0.0,0.27246653919694075,@RobertoZelaya-x1v
UCsUCN0Yq_UyTvKjOJLmNrnQ,autor,2,2,0.0024773446736437695,0.04808500123548307,0.2761627906976744,@moisesvaldez4043
UC3UVO7pTbeYvZ3ILEyRDskQ,autor,1,1,0.0015012876402744307,0.0,0.21396396396396397,@rosaelenaargueta79
UCuP4UK33HKtJE_S39ksmaTw,autor,1,1,0.0012735810348890398,0.0,0.20955882352941177,@herbertaguilar1387
UClsrFGJKWPxxw7MiaEdKLXw,autor,1,1,0.0012735810348890398,0.0,0.20955882352941177,@ericapaz5406
UCg3eIfd7BrsLEqS0BLkftHA,autor,1,3,0.0029660422499662637,0.0,0.20955882352941177,@ErmePérez-q4s
UCq3mDTTRZnUybct5M9OSXbg,autor,1,1,0.0014900677837631298,0.0,0.12566137566137567,@MacoMorales-i2i2d
UCGzXwyCzMzGmjmCbH3Hg01Q,autor,1,1,0.0013102170967186151,0.0,0.27246653919694075,@FidelZacarias-ph7dy
UC0HvfEWozTHbwl_iEmJNvVA,autor,1,1,0.0012314659094801788,0.0,0.16285714285714287,@OttoPalencia-b7r
UC14qlobYKqD-DO0j6b75lcA,autor,1,1,0.0012314659094801788,0.0,0.16285714285714287,@megavision4488
UCiGRBf2RNF0WRKhRVT7zFoA,autor,1,1,0.0013102170967186151,0.0,0.27246653919694075,@edwinavila4876
UCa36MjQLoPAmgJo-R3G8WQA,autor,1,1,0.0012314659094801788,0.0,0.16285714285714287,@elsasalguero6914
UC3YpzAr7pcdKC7BVFEpYzog,autor,1,1,0.0012314659094801788,0.0,0.16285714285714287,@carmenfigueroa1232
UCQqlPPUGqAfWjd-FSh_qn7Q,autor,1,1,0.0015012876402744307,0.0,0.21396396396396397,@estuardoargueta137
UC8r11yOugM2NuRfitQOxLLg,autor,1,1,0.0013102170967186151,0.0,0.27246653919694075,@cesaraugustomoralesmonroy6907
UCusjriFsDHEc2AOjqk-p5ig,autor,1,1,0.0012735810348890398,0.0,0.20955882352941177,@pablobarrios7931
UC5fvhAfm89JH8eDFdvc0xYw,autor,1,1,0.0015921333404745244,,,@isaidiaz2388
UCAV7QIjYhbDJaycQycM_0eQ,autor,1,1,0.0012735810348890398,0.0,0.20955882352941177,@mariavail8998
UC3E9mAgP7VoAE5mZoAexl5g,autor,1,1,0.0013102170967186151,0.0,0.27246653919694075,@EnnioAroche
UCB5p8a5gklc80jJItP6xTHg,autor,1,1,0.0013102170967186151,0.0,0.27246653919694075,@ernestogamboa8737
UC1NiEdJ7gk6FlDexIalWnGg,autor,1,1,0.0012314659094801788,0.0,0.16285714285714287,@BorisTebalán
UCdQAuWwyC99MB7Y02Umj26Q,autor,1,1,0.0015133016567510666,0.0,0.15175718849840256,@miguelbran1268
UCtowGNY2lnlg6O2CkwDgkLg,autor,1,1,0.0018670735454650957,,,@taniagabrielacelis8434
UCp_dAUfv8i3LW3zWc24dLaQ,autor,1,1,0.0012806576023992745,,,@MarioCortez-o6v
UC_NRVt2UP88ZNTwzrZ66JSg,autor,1,1,0.002849002849002849,,,@aditalissethevasquezrojas8039
UCylqlpsh8ENNM1LqgQ1KbxA,autor,2,3,0.003458091522566622,0.0,0.30448717948717946,@Jel.Awesh.M
UCRvPToDkkumha7WJAfCDk1A,autor,1,1,0.0015012876402744307,0.0,0.21396396396396397,@ligiaguerra3057
UCPZueDLrCS4BmTBRMA4q0fA,autor,1,1,0.0012735810348890398,0.0,0.20955882352941177,@kevinochoa3695
UCHMQ_lDhibZ-XZ_3fo6oxwg,autor,1,1,0.0015921333404745244,,,@crislexrubi4387
UC7dadZG7kkGYnsNu6td0FbA,autor,1,1,0.0015012876402744307,0.0,0.21396396396396397,@lesolorzano
UCrJn_rbo_ENAdeqneS-RmRw,autor,1,2,0.0021930837660868027,0.0,0.27246653919694075,@josecarrera9623
UCFFrEmn6lPYiWyElpfzTy5Q,autor,1,1,0.0016244245455000737,0.0,0.1520811099252935,@denilsonlopez4083
UCNiMNUJvaRJb0_QLClqwVnA,autor,1,1,0.0018670735454650957,,,@Santiago.Nolasco
UCs_5qeqdku9tGAq22y3OcuQ,autor,1,1,0.0015921333404745244,,,@alexandrevasquez4135
UCCBYcToQ2dwkd6TJh0FSyDg,autor,1,1,0.0015012876402744307,0.0,0.21396396396396397,@lidiarodriguez3493
UCxcoDvP-g2_KTZDmVZtvb3w,autor,1,1,0.0015133016567510666,0.0,0.15175718849840256,@angelmartinez9523
UCW-JC6lebVmf2P1dmY_L94g,autor,1,1,0.0015012876402744307,0.0,0.21396396396396397,@dinoraoroxon5771
UCgJNFj5dnxXpcMvmuhZDPxA,autor,1,1,0.0015012876402744307,0.0,0.21396396396396397,@NataliaRodriguez-rx5mr
UCFoIAE8k82D6AV-8gjjKaNg,autor,1,1,0.0013102170967186151,0.0,0.27246653919694075,@eddymunoz9789
UCe8JZoYkX5oKUZyivHYdXhw,autor,1,1,0.0015012876402744307,0.0,0.21396396396396397,@FernandoGarcia-jg1fj
UCnU8wO1OurAmGstDw6VGjgQ,autor,1,1,0.0013678165077211383,0.0,0.20622286541244572,@cmorera21
UCf5lnNZF7Qrtli9v4N_23WQ,autor,1,1,0.0012735810348890398,0.0,0.20955882352941177,@CarlosCortez-v5r
UCW80DaMjQlEUibC98Cot-Dg,autor,1,1,0.0015012876402744307,0.0,0.21396396396396397,@rogeraldana4289
UCDrmf9y9nLgFY5wnA2hTuGA,autor,1,1,0.0015012876402744307,0.0,0.21396396396396397,@laboratorio5528
UCTD6q1nyIe3Y7HhqjaMj72w,autor,1,1,0.0013102170967186151,0.0,0.27246653919694075,@JuanChang-r6k
UC0aEyakBPqcBkVJiErfSupQ,autor,1,1,0.0015921333404745244,,,@jhonymanuel9891
UC650pRT-OYzny3GwOH8Cgfw,autor,1,1,0.0013102170967186151,0.0,0.27246653919694075,@edvinparedesherrera7632
UCWoAVGVqCn4xtINCMOTM4jg,autor,1,1,0.0015012876402744307,0.0,0.21396396396396397,@OmarMartinez-vv8re
UCDPWkUX3sNNaCx-m1dV4glA,autor,1,1,0.0013102170967186151,0.0,0.27246653919694075,@hectoroliva949
UCsGoJEvb-cFPZ2rWoJcXzEQ,autor,1,1,0.0015012876402744307,0.0,0.21396396396396397,@sergiohinestroza9709
UCXXh7yg5KUFIWylTiKVEFKQ,autor,1,2,0.0021930837660868027,0.0,0.27246653919694075,@MrDuenderojo
UCfM3nrxtTQMY5jFx1v1J4Gg,autor,1,1,0.0013102170967186151,0.0,0.27246653919694075,@edgarroldan5539
UCp4iw5_5SmV9VGTFSNVGOmQ,autor,1,1,0.0013102170967186151,0.0,0.27246653919694075,@CARLOSSTREMS51
UCIp19h9igblA2YKfSLPDAug,autor,1,1,0.0015921333404745244,,,@JoseReyes-rn6sh
UCwha8rxULYMVtNwZWeSkE1A,autor,1,1,0.0013102170967186151,0.0,0.27246653919694075,@mariasamo8637
UCHbwIx9pmQuf7i-4_xO2EpA,autor,1,1,0.0015012876402744307,0.0,0.21396396396396397,@caminoseternos752
UCu8_3-Wg-YzNyvHYQDEscfw,autor,1,1,0.0015012876402744307,0.0,0.21396396396396397,@RolandoCastroPérez-d7y
UCIgoiXdIKJyUGmUoH2Lxdzg,autor,1,1,0.0012806576023992745,,,@susievidal4134
UCXN2s7DwTJm33xO-pNkAdaA,autor,1,1,0.0014900677837631298,0.0,0.12566137566137567,@edithsan7688
UCgLrWFdYitoP-b7-PxtUr-w,autor,1,1,0.0015921333404745244,,,@zetag
UCAKuKvcbfnBD3kF5njNu-IA,autor,1,1,0.0015012876402744307,0.0,0.21396396396396397,@melvinlopez7096
UCFxE8GbokBrBsPEKM1xrOjQ,autor,1,1,0.0013102170967186151,0.0,0.27246653919694075,@JuanDavila-qd7qj
UCk4O-J1BhoqPmig1KLGJePA,autor,1,1,0.0016244245455000737,0.0,0.1520811099252935,@lazarobarillas3575
UCUoYsrx1oZnCZ0usbBJn4fA,autor,1,1,0.0015012876402744307,0.0,0.21396396396396397,@AnaDiaz-re9sq
UCHu8x4MVkayU6VgwVKd--MQ,autor,1,1,0.001594478004275582,0.0,0.17947103274559195,@Hernandez-i1o
UC-jS_kA9w-OmpupXDx156Rg,autor,1,1,0.0013102170967186151,0.0,0.27246653919694075,@simoncreyesc7579
UChT7pzGytNd92Nmvi-zuWog,autor,1,1,0.0015133016567510666,0.0,0.15175718849840256,@sparkvalkov
UChZknRmJkeGeQk0-mQuhDOg,autor,1,1,0.0013102170967186151,0.0,0.27246653919694075,@OdilioRodríguez-c5w
UCOARn3hnfkB7-_Rwa8Hoqcw,autor,1,1,0.0015691590271952158,0.0,0.15015806111696522,@nicelol5241
UC9Wp6vL5oCU37qC3Aj94WZA,autor,1,1,0.001594478004275582,0.0,0.17947103274559195,@ManuelSanchez-b8q2z
UCIXLDYqR_syskKRJy_x9W9Q,autor,1,1,0.0014900677837631298,0.0,0.12566137566137567,@carlitosramirez4739
UCYN4wSQ1Sx4_LurxLlW7MPg,autor,1,1,0.0013102170967186151,0.0,0.27246653919694075,@belarminavillatoro6474
UCTTILH6QCIxbTnEWxwRqs1g,autor,1,1,0.0015133016567510666,0.0,0.15175718849840256,@3762Jorge
UC5bG9nc_JV3FsNP2KseQiYw,autor,1,1,0.0013102170967186151,0.0,0.27246653919694075,@giovannirodas4836
UCKDR0f2fu2UzWL8mBv5-BHw,autor,1,1,0.0013102170967186151,0.0,0.27246653919694075,@mireyamorales6595
UCbYoNG5J3Au5BqtbXogfEFw,autor,1,1,0.0012735810348890398,0.0,0.20955882352941177,@Luis-gn3fj
UCl0ekS9Tt0jJGtOEM18S63w,autor,1,1,0.0013102170967186151,0.0,0.27246653919694075,@monkchapin
UCVQf0tzL7xRzFJsABVVULpg,autor,1,1,0.0012735810348890398,0.0,0.20955882352941177,@DennisseLopetegi
UCsSXdJct-nsS8DsABoEsaYA,autor,1,1,0.0013102170967186151,0.0,0.27246653919694075,@IvánPérez-j4j
UC9xr9QvIcDvoZNUX5f-jaZw,autor,1,1,0.0013102170967186151,0.0,0.27246653919694075,@MariaaliciaColonmorales
UCpl8rF8uv_8uui-QRvuJaRA,autor,1,1,0.0013102170967186151,0.0,0.27246653919694075,@SergioGarcia-z9c
UClhMWQ7XKWywYvbRnuf8QsA,autor,1,1,0.0015012876402744307,0.0,0.21396396396396397,@EcPerez-zz9oh
UC4kg7zuTfqQKLd2bkZrSYBA,autor,1,1,0.0016244245455000737,0.0,0.1520811099252935,@zoilagarcia9019
UCbNanjFI51cwGqMAb2rOrBw,autor,1,1,0.0012806576023992745,,,@RosaMontesdeOca777
UC2weSE8rpqkGMOp6StYtVfg,autor,1,1,0.0013102170967186151,0.0,0.27246653919694075,@katerynsantiago2907
UCyzf29IYjNw67gGIfsjgtxA,autor,1,1,0.0015921333404745244,,,@carlosoliva9249
UCaT6M2zp7X6r6Whd8Vv3kHQ,autor,1,1,0.0015921333404745244,,,@alexarcos8349
UC3NMzdMYryaw82kPTnsaljg,autor,1,1,0.0013102170967186151,0.0,0.27246653919694075,@marisosa7832
UCSou6a2OuYGSvPjm5psquyA,autor,1,1,0.0013102170967186151,0.0,0.27246653919694075,@FranciscoRivera-sf7ne
UCtNyHmRZtvGF2hSvI2dUBWw,autor,1,2,0.002119811642427652,0.0,0.20955882352941177,@aureliomaldonado4793
UCGqKxQS-z3NZzZF-2w338AA,autor,1,1,0.0015921333404745244,,,@samuelaguilar529
UCXO1BBohNWXkK9SBDAG2ySg,autor,1,1,0.0015133016567510666,0.0,0.15175718849840256,@JBFlute92
UChyps3dqY-VY1_wLeq-2lhw,autor,1,1,0.0012314659094801788,0.0,0.16285714285714287,@maydamorales4395
UCXgr7vXlRrsaskPdo097kGA,autor,1,1,0.0013102170967186151,0.0,0.27246653919694075,@Rogergh-nw4oj
UC4cXueR2bKGFJV0Fk76gwmA,autor,1,1,0.0013102170967186151,0.0,0.27246653919694075,@aluxdel4792
UCmvOgzmmXbjUthHy-WJ52hQ,autor,1,1,0.0013102170967186151,0.0,0.27246653919694075,@mariorodas593
UC6xI_MOaxajIWpoP8BH6E_Q,autor,1,1,0.002849002849002849,,,@jahirdiaz5862
UCtMBF_1O2jY2INlb_luuB_A,autor,1,1,0.0015921333404745244,,,@mynorgudiel8646
UCrqXyRsg-_hTosURZ-uvoKg,autor,1,1,0.0012806576023992745,,,@flornolberto2425
UCGZMgmM92E3njyXNe9-kjAQ,autor,1,1,0.0012806576023992745,,,@pasionpornada
UCOY3XpD9qMCRSA8AA8c4CAw,autor,1,1,0.0015133016567510666,0.0,0.15175718849840256,@franciscorodas9686
UCfRqgt2O-vjzUDMZY_tnxQw,autor,1,1,0.0016244245455000737,0.0,0.1520811099252935,@Williams-Garcia67E
UCjJf-AJKRFFWtiN-CSwkDmA,autor,1,1,0.0013678165077211383,0.0,0.20622286541244572,@2jose82
UCBtB5dIyx-C16UN8ClUD2UA,autor,1,1,0.0016244245455000737,0.0,0.1520811099252935,@alexmonzon4257
UCDUffaruH6dyUnUGwsTKpgg,autor,1,1,0.0013102170967186151,0.0,0.27246653919694075,@luisletona2842
UCgGqw4aqMdMVSGkKiMgrJRQ,autor,1,1,0.0012314659094801788,0.0,0.16285714285714287,@pattyfigueroa5609
UC32oozucwCF3q8d4m8fyOUg,autor,1,1,0.0015012876402744307,0.0,0.21396396396396397,@RauldejesusOlivagonzalez
UCvApqeCbLod-wejtT4CcVuA,autor,1,1,0.0013102170967186151,0.0,0.27246653919694075,@davidgaher9550
UCHGd14aYuZZShLD73dkk6mg,autor,1,1,0.0019761768014137345,,,@noemiherrera3152
UCiMythXHsw7eQEMykCdmMUA,autor,1,1,0.0013102170967186151,0.0,0.27246653919694075,@JavierBecerra-h6x
UC-fiZBS5Gp1eCJd9ucgWnCg,autor,1,1,0.0015012876402744307,0.0,0.21396396396396397,@Tommii.10
UC5PrBbmUlQolwqmiru7yZhw,autor,1,1,0.001594478004275582,0.0,0.17947103274559195,@lazarochavez8269
UC094EFEmMSdwVa8NQjjYBXg,autor,1,1,0.001594478004275582,0.0,0.17947103274559195,@CelestinoQuej-j7k
UCGm3gRBEHGRJYmtCryZLtDw,autor,1,1,0.001594478004275582,0.0,0.17947103274559195,@JoséLopez-g6k
UCwUAv3_LpWVtTIi7lkmTL7A,autor,1,1,0.0015921333404745244,,,@kingr4706
UC5wuDq3U3vRAhOQI3D7gNdw,autor,1,1,0.0013678165077211383,0.0,0.20622286541244572,@allanreneramirezgonzalez534
UCsJJAvrVGupdmhOqgtDp8dg,autor,1,1,0.0013102170967186151,0.0,0.27246653919694075,@nestorlorenzana1168
UCtNfIBnc5S5DbbQj_yxgJTw,autor,1,1,0.0013102170967186151,0.0,0.27246653919694075,@JosueRamirez-ey3ih
UC-Iul5tDYH_oiAMXQH-KaaQ,autor,1,1,0.0012314659094801788,0.0,0.16285714285714287,@AlbertoMancilla-p9h
UCyW68EGZey4ao_Vf2cR5Ztg,autor,1,1,0.0015691590271952158,0.0,0.15015806111696522,@ZabalaXabier
UCZjm6U576nX8WOiLhmMR3bw,autor,1,1,0.0012806576023992745,,,@MariaNavarroYT
UC_LYoGs5C3mbZKZuKuqYCvw,autor,1,1,0.0015012876402744307,0.0,0.21396396396396397,@javiercifuentesarchila6041
UCRfkkatKrNtAARnXMMYBGlA,autor,1,1,0.0012314659094801788,0.0,0.16285714285714287,@BernerSoza-mg3vx
UCA93ym2TXs_Ibyxb4Vcn-6Q,autor,1,1,0.0013102170967186151,0.0,0.27246653919694075,@oswaldosolis8728
UCAmtbUiIrUIhikru0ZoTFig,autor,1,1,0.0013102170967186151,0.0,0.27246653919694075,@Aura-vf6dm
UCr1emrogPKkKTs_WTtx71xg,autor,1,1,0.0013102170967186151,0.0,0.27246653919694075,@domingopeneleu6457
UCRznz9-N3Qc1w-qNdLSIY2Q,autor,1,1,0.0015921333404745244,,,@jimmygomez724
UCY7Hq7F9Lnucf-Yr6JkHZNw,autor,1,1,0.0015921333404745244,,,@maynorcalel1442
UCjSKM9j0Q7HLDr1hD6D-TUw,autor,1,1,0.0013102170967186151,0.0,0.27246653919694075,@josehidalgo4875
UCwCfs-2zbD5k0lG-UVg_JBw,autor,1,1,0.0014900677837631298,0.0,0.12566137566137567,@JessicaHuaz-96
UC8xlJWNHz1V_W6q3fbuQH8g,autor,1,1,0.0012735810348890398,0.0,0.20955882352941177,@NormaLópez-v7e
UCgQJgI9vu1FI2dnC9mrFthw,autor,1,1,0.0012735810348890398,0.0,0.20955882352941177,@srms70
UCRETAiYdh2dL5ZxB0_N1zDA,autor,1,1,0.0013102170967186151,0.0,0.27246653919694075,@Joseroland21
UCi-vPdnpQreC7BkFs40mJGA,autor,1,1,0.0015921333404745244,,,@bryansicasales4280
UCsjs5Hp_r86x1xbK6FAeqaA,autor,1,1,0.0013102170967186151,0.0,0.27246653919694075,@alvaroesquivel563
UCRcSR3Lvn9DZAmJpVPANfZQ,autor,1,1,0.0015921333404745244,,,@WalksandSuch
UCGX_UbAQOXGZknv5iqklwTA,autor,1,1,0.0012735810348890398,0.0,0.20955882352941177,@ronaldgarcia8522
UC-hfX8J5JPJ-dfuakzegMLA,autor,1,1,0.0013102170967186151,0.0,0.27246653919694075,@normaleticiaorozcojuarez2418
j43HgwYFKfk,video,49,50,0.06319466982589136,0.34289597232517915,0.2719465648854962,La cooptación de Walter Mazariegos en la USAC
06mFNPU0aB8,video,13,14,0.0175089303511094,0.08257968865826538,0.1436491935483871,Capturan a presuntos delincuentes disfrazados de mujer señalados de cometer asalto
OkXlHx0hx-8,video,18,25,0.025106067062525276,,,EE.UU. envía a mexicanos deportados a Guatemala antes de su regreso a México | Noticias Telemundo
yLZS3JiEBg8,video,16,16,0.020447900670114542,0.09617000247096615,0.17879548306148055,Arroz con pollo a la MONOPOLIO
n8iP75gIpmw,video,128,161,0.16729048325787446,0.8541141586360267,0.37401574803149606,Qué rico come tu diputado
lj983NWyAQY,video,25,25,0.03427074056221097,,,Plan 2032 Ciudad de Guatemala
ndAZjHqzzT8,video,10,12,0.013282064576976432,0.1935260686928589,0.25956284153005466,Internet: escoger el menos malo
6W4u8sGEnGM,video,32,45,0.042587049609192386,0.28314801087225105,0.19440654843110505,Inician los trabajos de recuperación del Puente Belice II.
TT4qJ5FXHYE,video,4,4,0.006776720063153866,,,"I’x K’at: el primer equipo guatemalteco de pelota maya, conformado únicamente por mujeres."
X_FAIef8qlE,video,1,1,0.002849002849002849,,,Cruzando la ciudad a puro Transmetro
zweosulrwA8,video,1,1,0.002849002849002849,,,Edén por Salud: empleo inclusivo para personas con discapacidad en Antigua | Super - Episodio 2
JkpVO1hx2f8,video,3,3,0.005467480991770194,,,10 Preguntas a un año del Paro Nacional
PjmxCj-a9Hg,video,19,25,0.02489845719622953,0.3682727946627131,0.2648698884758364,Conferencia de Prensa del Gobierno de Guatemala. #LaRondaGt
b_Hkrkl3adA,video,7,7,0.009614467051270288,0.04173461823573017,0.21855828220858894,Bloqueos en Guatemala este 31 de agosto por alza en combustibles afectan rutas principales
is3Mk5oC19g,video,7,7,0.009861357965640024,0.04173461823573017,0.1792452830188679,Capturan a ladrón que había quedado grabado mientras robaba en una parroquia de Retalhuleu
WIUZtitfLRw,video,6,6,0.008062240973786048,0.034840622683469234,0.17657992565055763,Caminar en una ciudad hecha para carros
3Nfp9h5avBI,video,2,2,0.004158241920386521,,,"Noticiero en Directo 1 pm, 28 de Agosto de 2026"
UhL9y3KUl8E,video,1,1,0.002849002849002849,,,SHAI WA: la vecina queer de Casa Presidencial
s0eco-BofOs,video,1,1,0.002849002849002849,,,¿Quiénes pagan más en Centroamérica?
