nodo_id,nombre_visible,handle,total_likes_recibidos,total_replies_recibidas,tipo,channel_id,category,view_count
UC-HeUTT6_g-VoiWds2a4H-w,@JorgeMunoz-gd9et,/@JorgeMunoz-gd9et,0.0,0.0,autor,,,
UC-Iul5tDYH_oiAMXQH-KaaQ,@AlbertoMancilla-p9h,/@AlbertoMancilla-p9h,1.0,0.0,autor,,,
UC-QOpE7GOxlXcHZ8b7HbQKA,@mariaalexander427,/@mariaalexander427,0.0,0.0,autor,,,
UC-fiZBS5Gp1eCJd9ucgWnCg,@Tommii.10,/@Tommii.10,6.0,0.0,autor,,,
UC-hfX8J5JPJ-dfuakzegMLA,@normaleticiaorozcojuarez2418,/@normaleticiaorozcojuarez2418,6.0,0.0,autor,,,
UC-jS_kA9w-OmpupXDx156Rg,@simoncreyesc7579,/@simoncreyesc7579,2.0,0.0,autor,,,
UC-pNP6RMFuLg_-x7Ah_0kEA,@almacatalan2717,/@almacatalan2717,5.0,0.0,autor,,,
UC094EFEmMSdwVa8NQjjYBXg,@CelestinoQuej-j7k,/@CelestinoQuej-j7k,0.0,0.0,autor,,,
UC0HvfEWozTHbwl_iEmJNvVA,@OttoPalencia-b7r,/@OttoPalencia-b7r,3.0,0.0,autor,,,
UC0RpuMwkDKJYqgKHtsJRuWQ,@sabinamarinaguerra3248,/@sabinamarinaguerra3248,113.0,1.0,autor,,,
UC0aEyakBPqcBkVJiErfSupQ,@jhonymanuel9891,/@jhonymanuel9891,70.0,0.0,autor,,,
UC14qlobYKqD-DO0j6b75lcA,@megavision4488,/@megavision4488,0.0,0.0,autor,,,
UC1DpqK6vaPEkBOMNvypsKYg,@HectorCarranza-u4j4o,/@HectorCarranza-u4j4o,0.0,0.0,autor,,,
UC1NiEdJ7gk6FlDexIalWnGg,@BorisTebalán,/@BorisTebal%C3%A1n,0.0,0.0,autor,,,
UC1WlJfQmaIskYhP4gmWoamw,@marthareiss5434,/@marthareiss5434,2.0,1.0,autor,,,
UC1Y7x3h0c95Z8kUhi-Tzaeg,@rosadiaz9235,/@rosadiaz9235,0.0,0.0,autor,,,
UC1vr9aaMI2crB0NvwFHUeoQ,@JoseSimilox-p6e,/@JoseSimilox-p6e,0.0,0.0,autor,,,
UC2Y_EHWQKevubk4vOEBBFxw,@alfonsomorales2653,/@alfonsomorales2653,1.0,0.0,autor,,,
UC2ngpd8UBQu4gcUYy0goAtg,@juliohernandez7438,/@juliohernandez7438,0.0,0.0,autor,,,
UC2weSE8rpqkGMOp6StYtVfg,@katerynsantiago2907,/@katerynsantiago2907,1.0,0.0,autor,,,
UC32oozucwCF3q8d4m8fyOUg,@RauldejesusOlivagonzalez,/@RauldejesusOlivagonzalez,0.0,0.0,autor,,,
UC3E9mAgP7VoAE5mZoAexl5g,@EnnioAroche,/@EnnioAroche,0.0,0.0,autor,,,
UC3MYTqpQqlWBuCB7Th0e0PA,@isaaclopez7220,/@isaaclopez7220,4.0,0.0,autor,,,
UC3NMzdMYryaw82kPTnsaljg,@marisosa7832,/@marisosa7832,0.0,0.0,autor,,,
UC3UVO7pTbeYvZ3ILEyRDskQ,@rosaelenaargueta79,/@rosaelenaargueta79,1.0,0.0,autor,,,
UC3XTwHxygNCgjndsg-UiCQA,@marioajset4283,/@marioajset4283,2.0,0.0,autor,,,
UC3YpzAr7pcdKC7BVFEpYzog,@carmenfigueroa1232,/@carmenfigueroa1232,4.0,1.0,autor,,,
UC3iIU62XKUOWuqL8BqBzj9A,@antonioduarte2288,/@antonioduarte2288,0.0,0.0,autor,,,
UC3qn1yJA5PeW9rkGPatQxiw,@VICTOREST19,/@VICTOREST19,7.0,0.0,autor,,,
UC4Avya4kmR4Q0FrfFdBozSQ,@davidlima1348,/@davidlima1348,11.0,0.0,autor,,,
UC4cXueR2bKGFJV0Fk76gwmA,@aluxdel4792,/@aluxdel4792,0.0,0.0,autor,,,
UC4kg7zuTfqQKLd2bkZrSYBA,@zoilagarcia9019,/@zoilagarcia9019,0.0,0.0,autor,,,
UC4wq3DcbfaG6dtCqn8Oyu3w,@hugoasencio7764,/@hugoasencio7764,1.0,0.0,autor,,,
UC5H8ASmMC9WrURmzeB4ySog,@ManuelEdran,/@ManuelEdran,6.0,0.0,autor,,,
UC5PrBbmUlQolwqmiru7yZhw,@lazarochavez8269,/@lazarochavez8269,0.0,1.0,autor,,,
UC5PyGvSfFM--OVKmQ3COu6g,@FreddyGmez,/@FreddyGmez,3.0,0.0,autor,,,
UC5bG9nc_JV3FsNP2KseQiYw,@giovannirodas4836,/@giovannirodas4836,2.0,0.0,autor,,,
UC5fvhAfm89JH8eDFdvc0xYw,@isaidiaz2388,/@isaidiaz2388,0.0,0.0,autor,,,
UC5hvEnRUzI4Kfvwnyi4QxqQ,@leonelsantizo5281,/@leonelsantizo5281,2.0,0.0,autor,,,
UC5wuDq3U3vRAhOQI3D7gNdw,@allanreneramirezgonzalez534,/@allanreneramirezgonzalez534,2.0,1.0,autor,,,
UC63tFvbQ_hJhGDi2nbjssjw,@AbigailRodas-w2r,/@AbigailRodas-w2r,2.0,0.0,autor,,,
UC650pRT-OYzny3GwOH8Cgfw,@edvinparedesherrera7632,/@edvinparedesherrera7632,1.0,0.0,autor,,,
UC6PvO1_k5lHKGdAPo5_C6TA,@johnmejia992,/@johnmejia992,1.0,0.0,autor,,,
UC6Uj1FT5JjDSF8vudvDxPAA,@alfredoortega9264,/@alfredoortega9264,1.0,0.0,autor,,,
UC6YSZqL0vEcI-niPKIMUGfw,@maxwellsales885,/@maxwellsales885,2.0,0.0,autor,,,
UC6xI_MOaxajIWpoP8BH6E_Q,@jahirdiaz5862,/@jahirdiaz5862,0.0,0.0,autor,,,
UC72gBAtyb_VXQlYDcFrh6oQ,@osmanmorales3012,/@osmanmorales3012,19.0,0.0,autor,,,
UC7IMsCxfZyWN7YQo8-JYa6Q,@Burgos68,/@Burgos68,1.0,0.0,autor,,,
UC7VUuJr9cGh845CmTvf7TlQ,@LuisCastillo-oz4df,/@LuisCastillo-oz4df,1.0,0.0,autor,,,
UC7dadZG7kkGYnsNu6td0FbA,@lesolorzano,/@lesolorzano,18.0,0.0,autor,,,
UC816IGbFCZinfYS1LRDaaHg,@ingenieroar,/@ingenieroar,1.0,0.0,autor,,,
UC8F2V63KZ4ZEay6opX2hAQw,@carmenr6311,/@carmenr6311,0.0,0.0,autor,,,
UC8G5cJONY8L9voMyBW8Eoug,@luisparedes-pw6qt,/@luisparedes-pw6qt,0.0,0.0,autor,,,
UC8r11yOugM2NuRfitQOxLLg,@cesaraugustomoralesmonroy6907,/@cesaraugustomoralesmonroy6907,1.0,0.0,autor,,,
UC8xlJWNHz1V_W6q3fbuQH8g,@NormaLópez-v7e,/@NormaL%C3%B3pez-v7e,1.0,0.0,autor,,,
UC95PSMouTx2N5CbSq0hIyrQ,@lisss1908,/@lisss1908,0.0,0.0,autor,,,
UC9Wp6vL5oCU37qC3Aj94WZA,@ManuelSanchez-b8q2z,/@ManuelSanchez-b8q2z,0.0,0.0,autor,,,
UC9vMq1YF-e7C-VO0SHkbUTA,@ErvinLeonardoCarreraLatín,/@ErvinLeonardoCarreraLat%C3%ADn,0.0,0.0,autor,,,
UC9xr9QvIcDvoZNUX5f-jaZw,@MariaaliciaColonmorales,/@MariaaliciaColonmorales,0.0,0.0,autor,,,
UCA93ym2TXs_Ibyxb4Vcn-6Q,@oswaldosolis8728,/@oswaldosolis8728,0.0,0.0,autor,,,
UCAKuKvcbfnBD3kF5njNu-IA,@melvinlopez7096,/@melvinlopez7096,0.0,0.0,autor,,,
UCAV7QIjYhbDJaycQycM_0eQ,@mariavail8998,/@mariavail8998,3.0,0.0,autor,,,
UCAlzM_N6xBlMYmM8EBzX86Q,@carlossoto3252,/@carlossoto3252,3.0,0.0,autor,,,
UCAmtbUiIrUIhikru0ZoTFig,@Aura-vf6dm,/@Aura-vf6dm,7.0,0.0,autor,,,
UCAxvOOHQk7dYPOajzFEVtbA,@ruddydepaz322,/@ruddydepaz322,0.0,0.0,autor,,,
UCB5p8a5gklc80jJItP6xTHg,@ernestogamboa8737,/@ernestogamboa8737,6.0,0.0,autor,,,
UCBlm80VQ4YoV3bUJR_XhkaQ,@rosadiaz6945,/@rosadiaz6945,0.0,3.0,autor,,,
UCBtB5dIyx-C16UN8ClUD2UA,@alexmonzon4257,/@alexmonzon4257,0.0,0.0,autor,,,
UCCBYcToQ2dwkd6TJh0FSyDg,@lidiarodriguez3493,/@lidiarodriguez3493,0.0,0.0,autor,,,
UCCUmP4PlbwgikVFpYwbtRTg,@alhvi,/@alhvi,3.0,0.0,autor,,,
UCCaYwkkbQGcvFoUmothVdQQ,@OsvaldoAguirre-l3i,/@OsvaldoAguirre-l3i,0.0,0.0,autor,,,
UCDIMztpVm7G27qBuiWuT6oQ,@lizardomorataya8274,/@lizardomorataya8274,0.0,0.0,autor,,,
UCDPWkUX3sNNaCx-m1dV4glA,@hectoroliva949,/@hectoroliva949,0.0,0.0,autor,,,
UCDQaQv0hr2SS_PO-CMEwVHg,@federicosaquimux1933,/@federicosaquimux1933,1.0,0.0,autor,,,
UCDUffaruH6dyUnUGwsTKpgg,@luisletona2842,/@luisletona2842,2.0,0.0,autor,,,
UCDftMWXQoJ6nONfY7GVOVjg,@luisgpacheco5858,/@luisgpacheco5858,0.0,0.0,autor,,,
UCDlr1VadSucIZgZ171pRBjQ,@cuabatzjj5924,/@cuabatzjj5924,0.0,0.0,autor,,,
UCDrmf9y9nLgFY5wnA2hTuGA,@laboratorio5528,/@laboratorio5528,1.0,0.0,autor,,,
UCEHXl4VvvVpq-_4xC5tsbhg,@anibalg47,/@anibalg47,7.0,0.0,autor,,,
UCEgEQmRbtL5fwr9_DqAC--g,@ArielRodas-g5y,/@ArielRodas-g5y,2.0,0.0,autor,,,
UCErZPJpHmLCsXs8ZWkAUupQ,@dorisl.garciaroche7763,/@dorisl.garciaroche7763,2.0,1.0,autor,,,
UCFFrEmn6lPYiWyElpfzTy5Q,@denilsonlopez4083,/@denilsonlopez4083,0.0,0.0,autor,,,
UCFOxCyF926Y9eHhMeVoWLzw,@arielsarc09,/@arielsarc09,3.0,0.0,autor,,,
UCFUuDARXdmmIrLppEqf-rFg,@allanmunoz7410,/@allanmunoz7410,0.0,0.0,autor,,,
UCFhxtoeARHPnXXPcDrOU3Xg,@diegoalejandrolopezmendez205,/@diegoalejandrolopezmendez205,2.0,0.0,autor,,,
UCFjudnPLoaSL1BaRuLahyHg,@HaroldoCastillo-rh9iw,/@HaroldoCastillo-rh9iw,3.0,0.0,autor,,,
UCFoIAE8k82D6AV-8gjjKaNg,@eddymunoz9789,/@eddymunoz9789,1.0,1.0,autor,,,
UCFxE8GbokBrBsPEKM1xrOjQ,@JuanDavila-qd7qj,/@JuanDavila-qd7qj,10.0,0.0,autor,,,
UCFybmWapGvBKcQod7cPPH9w,@vitalianochavez8382,/@vitalianochavez8382,1.0,0.0,autor,,,
UCGGHbtfbbe0o68etrOf0qxw,@karensussetteleonvargas9794,/@karensussetteleonvargas9794,0.0,0.0,autor,,,
UCGX_UbAQOXGZknv5iqklwTA,@ronaldgarcia8522,/@ronaldgarcia8522,1.0,0.0,autor,,,
UCGZMgmM92E3njyXNe9-kjAQ,@pasionpornada,/@pasionpornada,2.0,1.0,autor,,,
UCGj2v6Gl5bN8NSrzJMXS-CA,@juliogutierrez492,/@juliogutierrez492,0.0,0.0,autor,,,
UCGm3gRBEHGRJYmtCryZLtDw,@JoséLopez-g6k,/@Jos%C3%A9Lopez-g6k,0.0,0.0,autor,,,
UCGqKxQS-z3NZzZF-2w338AA,@samuelaguilar529,/@samuelaguilar529,211.0,3.0,autor,,,
UCGzXwyCzMzGmjmCbH3Hg01Q,@FidelZacarias-ph7dy,/@FidelZacarias-ph7dy,2.0,0.0,autor,,,
UCHGd14aYuZZShLD73dkk6mg,@noemiherrera3152,/@noemiherrera3152,0.0,0.0,autor,,,
UCHMQ_lDhibZ-XZ_3fo6oxwg,@crislexrubi4387,/@crislexrubi4387,16.0,0.0,autor,,,
UCHTGCgY2l-DQJIvlA_cpa_Q,@virgiliogarcia3039,/@virgiliogarcia3039,14.0,0.0,autor,,,
UCHbwIx9pmQuf7i-4_xO2EpA,@caminoseternos752,/@caminoseternos752,0.0,0.0,autor,,,
UCHhHUjaMAZ8SiXdCUCj9DkQ,@fredymendez1786,/@fredymendez1786,3.0,0.0,autor,,,
UCHu8x4MVkayU6VgwVKd--MQ,@Hernandez-i1o,/@Hernandez-i1o,1.0,0.0,autor,,,
UCIUhbSCy3-SGRe5UtqM4fzQ,@jeanmorales1677,/@jeanmorales1677,1.0,0.0,autor,,,
UCIXLDYqR_syskKRJy_x9W9Q,@carlitosramirez4739,/@carlitosramirez4739,0.0,0.0,autor,,,
UCIgoiXdIKJyUGmUoH2Lxdzg,@susievidal4134,/@susievidal4134,3.0,0.0,autor,,,
UCIp19h9igblA2YKfSLPDAug,@JoseReyes-rn6sh,/@JoseReyes-rn6sh,14.0,1.0,autor,,,
UCJp3OrVYcBorC94sKwdch_A,@ULJoshmg2011,/@ULJoshmg2011,0.0,0.0,autor,,,
UCJxJC56BSAX-ArD0NAb9qnQ,@alfonsowilian9157,/@alfonsowilian9157,0.0,0.0,autor,,,
UCKDR0f2fu2UzWL8mBv5-BHw,@mireyamorales6595,/@mireyamorales6595,0.0,0.0,autor,,,
UCKVzDUqbtdSMBcexaEtMmzQ,@rotorairgroup8409,/@rotorairgroup8409,0.0,0.0,autor,,,
UCL13XhnRzbGokEkCkEOb0-g,@raquelprado3643,/@raquelprado3643,8.0,0.0,autor,,,
UCL1MT278vSaQ83ZDkVWn1gw,@elmorodriguez6978,/@elmorodriguez6978,20.0,0.0,autor,,,
UCLFdHr9BEbXHkoJopbEPLZw,@kanterra4584,/@kanterra4584,24.0,0.0,autor,,,
UCLXYp1Cvc5DLtq5UQL5D9vw,@jorgecifuentes-m5g,/@jorgecifuentes-m5g,3.0,1.0,autor,,,
UCLggDc_a5HriXv7I1h02sOA,@guillermogonzalez5153,/@guillermogonzalez5153,7.0,0.0,autor,,,
UCLh1Kde4_vI1sTZBkTNP7RQ,@JoelReynoso-d4r,/@JoelReynoso-d4r,0.0,0.0,autor,,,
UCN2N_wYOw6fMwCeSzdXLPIw,@danielantoniogonzalezflore4901,/@danielantoniogonzalezflore4901,0.0,0.0,autor,,,
UCN6qbfPSzFtjhqUDZ3Cv3CQ,@carlosmedranovelasquez6380,/@carlosmedranovelasquez6380,2.0,0.0,autor,,,
UCNBnKqWf4d-rS4HwJRQljmQ,@LE_A22,/@LE_A22,1.0,0.0,autor,,,
UCNIeXbV_mEwpa412h1aqUWw,@juandeleon9060,/@juandeleon9060,3.0,1.0,autor,,,
UCNiMNUJvaRJb0_QLClqwVnA,@Santiago.Nolasco,/@Santiago.Nolasco,2.0,0.0,autor,,,
UCNkcuy42zEwddwEcOd_HpnA,@vanigomez492,/@vanigomez492,3.0,0.0,autor,,,
UCNpt5CQlTzNjlAKY6CJtClQ,@eustaquiogomez9975,/@eustaquiogomez9975,0.0,0.0,autor,,,
UCO0zwwLWGyDgQmWPJ5Qrr1w,@elsalvador3605,/@elsalvador3605,3.0,0.0,autor,,,
UCOARn3hnfkB7-_Rwa8Hoqcw,@nicelol5241,/@nicelol5241,0.0,0.0,autor,,,
UCOLGv5Pf6BF2wFcwUzgcvHg,@welfrealdana5559,/@welfrealdana5559,4.0,0.0,autor,,,
UCOLHH4ZpMxPYF-Q6e6wvn5A,@luisroldan7374,/@luisroldan7374,2.0,1.0,autor,,,
UCOS8ViEkccrTZx2w2ccxotA,@OscarHernandez-q8y,/@OscarHernandez-q8y,4.0,0.0,autor,,,
UCOY3XpD9qMCRSA8AA8c4CAw,@franciscorodas9686,/@franciscorodas9686,1.0,0.0,autor,,,
UCOcUI5XkTYNMSFhZNMIPpGg,@hendersonlopez3864,/@hendersonlopez3864,3.0,0.0,autor,,,
UCOh6DaZC_x9HASnlRylEMfw,@AndresMedina-v1s,/@AndresMedina-v1s,0.0,0.0,autor,,,
UCPLW0HE3siElqCgXfgWxMqg,@elizabethmonterroso7719,/@elizabethmonterroso7719,0.0,0.0,autor,,,
UCPNXmbOBVeC4HS-xemvcPtQ,@BelkisRodriguezRamirez,/@BelkisRodriguezRamirez,2.0,3.0,autor,,,
UCPZueDLrCS4BmTBRMA4q0fA,@kevinochoa3695,/@kevinochoa3695,1.0,1.0,autor,,,
UCQIdKuZ-OzuFqy0KjGrgesg,@lyacausa,/@lyacausa,1.0,0.0,autor,,,
UCQM2tCKRRytVDRxNUfCDqQQ,@elioelias7267,/@elioelias7267,0.0,0.0,autor,,,
UCQMMuADgqWUOcJpLwHOzC-g,@Ripped-Yoda,/@Ripped-Yoda,0.0,0.0,autor,,,
UCQ_-LPP8JAbfkc-b1Q6NvWw,@MegaKristenstewart,/@MegaKristenstewart,31.0,0.0,autor,,,
UCQgYjVngJRfPHDLGB5X6ZjA,@oscarnavas9996,/@oscarnavas9996,0.0,0.0,autor,,,
UCQqetiwzzmRNTM5OWuXarGQ,@isaiaslopezvelasquez1539,/@isaiaslopezvelasquez1539,1.0,0.0,autor,,,
UCQqlPPUGqAfWjd-FSh_qn7Q,@estuardoargueta137,/@estuardoargueta137,0.0,0.0,autor,,,
UCQtICyzWmhC5woCtbNgaSmg,@nestormendez6216,/@nestormendez6216,5.0,0.0,autor,,,
UCQtSFINs1h6GHkpg9o5kMvg,@MacarioMartinezruiz,/@MacarioMartinezruiz,12.0,0.0,autor,,,
UCQyOePccUP-fIJYzchAgZYw,@aguilar4254,/@aguilar4254,0.0,0.0,autor,,,
UCRAquv8el-tQ30bN7MlmySQ,@iamjimalesssa,/@iamjimalesssa,4.0,0.0,autor,,,
UCRETAiYdh2dL5ZxB0_N1zDA,@Joseroland21,/@Joseroland21,0.0,0.0,autor,,,
UCRcSR3Lvn9DZAmJpVPANfZQ,@WalksandSuch,/@WalksandSuch,68.0,0.0,autor,,,
UCRelkU8JiZBytTzebJxaa-w,@danyraymundo2942,/@danyraymundo2942,3.0,0.0,autor,,,
UCRfkkatKrNtAARnXMMYBGlA,@BernerSoza-mg3vx,/@BernerSoza-mg3vx,0.0,0.0,autor,,,
UCRlCV9zSn7avAWh-9_XFWqQ,@ronyarana8849,/@ronyarana8849,1.0,0.0,autor,,,
UCRvPToDkkumha7WJAfCDk1A,@ligiaguerra3057,/@ligiaguerra3057,0.0,0.0,autor,,,
UCRznz9-N3Qc1w-qNdLSIY2Q,@jimmygomez724,/@jimmygomez724,14.0,0.0,autor,,,
UCSTAUWVc1_82DHYeqOsqEFA,@TheAlexX_C,/@TheAlexX_C,191.0,2.0,autor,,,
UCSou6a2OuYGSvPjm5psquyA,@FranciscoRivera-sf7ne,/@FranciscoRivera-sf7ne,0.0,0.0,autor,,,
UCTD6q1nyIe3Y7HhqjaMj72w,@JuanChang-r6k,/@JuanChang-r6k,8.0,0.0,autor,,,
UCTP3O0rMnc8z8v8jaDQwL0w,@RobertoZelaya-x1v,/@RobertoZelaya-x1v,1.0,0.0,autor,,,
UCTTILH6QCIxbTnEWxwRqs1g,@3762Jorge,/@3762Jorge,0.0,0.0,autor,,,
UCThW2XNsAaBKme5PUt7n-Zg,@thelmamoran8565,/@thelmamoran8565,0.0,0.0,autor,,,
UCTwSut16JyAg3mX6LVUNGqA,@SuperVictor2005,/@SuperVictor2005,0.0,0.0,autor,,,
UCTylKrsqkrBKIqubMu_5N0Q,@edwingeovanymarroquinmarro6684,/@edwingeovanymarroquinmarro6684,1.0,0.0,autor,,,
UCUIIIPTVDVHAXqhC_5V6lPA,@gorrarota,/@gorrarota,0.0,0.0,autor,,,
UCUoYsrx1oZnCZ0usbBJn4fA,@AnaDiaz-re9sq,/@AnaDiaz-re9sq,1.0,0.0,autor,,,
UCV0iizTBoOfdAFX_thfI9BA,@BenjaminLarios-jd8nk,/@BenjaminLarios-jd8nk,0.0,0.0,autor,,,
UCV0lM03g5fg5pbPj97-sAtA,@genarodelgado3929,/@genarodelgado3929,1.0,0.0,autor,,,
UCV3fr-YOixFKCZBbJP1-X4w,@albertoshernandez5251,/@albertoshernandez5251,17.0,0.0,autor,,,
UCVC2QugcI1G4RvlCiUqd1aQ,@rwdm76,/@rwdm76,0.0,0.0,autor,,,
UCVQf0tzL7xRzFJsABVVULpg,@DennisseLopetegi,/@DennisseLopetegi,0.0,0.0,autor,,,
UCVdjCrh4tQoX3haNAZv-n5A,@aurahernandez5646,/@aurahernandez5646,3.0,1.0,autor,,,
UCVhif9eV0f8plICen2DnpKA,@blogarteplus,/@blogarteplus,0.0,0.0,autor,,,
UCW-JC6lebVmf2P1dmY_L94g,@dinoraoroxon5771,/@dinoraoroxon5771,0.0,0.0,autor,,,
UCW80DaMjQlEUibC98Cot-Dg,@rogeraldana4289,/@rogeraldana4289,0.0,0.0,autor,,,
UCWIZUtKJ636y-4TYrNvok0g,@cesarandreas7824,/@cesarandreas7824,5.0,0.0,autor,,,
UCWWkebAekppaL5b5CNlppuw,@ninettmartinez425,/@ninettmartinez425,3.0,0.0,autor,,,
UCWaRixDdpgllTBf4V0jPnKQ,@hectormaaz5523,/@hectormaaz5523,0.0,0.0,autor,,,
UCWoAVGVqCn4xtINCMOTM4jg,@OmarMartinez-vv8re,/@OmarMartinez-vv8re,0.0,0.0,autor,,,
UCWvntqPQx99k_Z_skWKqNSA,@AntonioChiyal-x5s,/@AntonioChiyal-x5s,2.0,1.0,autor,,,
UCXN2s7DwTJm33xO-pNkAdaA,@edithsan7688,/@edithsan7688,0.0,0.0,autor,,,
UCXO1BBohNWXkK9SBDAG2ySg,@JBFlute92,/@JBFlute92,0.0,0.0,autor,,,
UCXSkL3ejZ8qWYyF_M7s_QKA,@JacintaTzoy,/@JacintaTzoy,0.0,0.0,autor,,,
UCXVLc8CmAO813ubM-fLvCDw,@herminiasaquimux7565,/@herminiasaquimux7565,7.0,0.0,autor,,,
UCXXh7yg5KUFIWylTiKVEFKQ,@MrDuenderojo,/@MrDuenderojo,2.0,0.0,autor,,,
UCXgr7vXlRrsaskPdo097kGA,@Rogergh-nw4oj,/@Rogergh-nw4oj,0.0,0.0,autor,,,
UCXl30Y_upRqbti52fmjK4YA,@capitanfrans,/@capitanfrans,0.0,0.0,autor,,,
UCXmrpc6Li0spcKxtS0Q_ptg,@melvinperez6710,/@melvinperez6710,10.0,0.0,autor,,,
UCXr8_5WtGeipe4haOoQDgyQ,@amyherrera7352,/@amyherrera7352,0.0,0.0,autor,,,
UCY7Hq7F9Lnucf-Yr6JkHZNw,@maynorcalel1442,/@maynorcalel1442,79.0,0.0,autor,,,
UCYN4wSQ1Sx4_LurxLlW7MPg,@belarminavillatoro6474,/@belarminavillatoro6474,0.0,0.0,autor,,,
UCYwpX26TrCxq8TvbKGRYLXA,@beneficioelcaminovillacana8540,/@beneficioelcaminovillacana8540,3.0,0.0,autor,,,
UCZ51R_9Q9C0c8I3pAWhtmjQ,@belvettzapeta1251,/@belvettzapeta1251,8.0,0.0,autor,,,
UCZFQwqh90apuL8eFhvRBkUg,@luisricardo9671,/@luisricardo9671,9.0,0.0,autor,,,
UCZIQnb1fkwe39Iw2TAu-bGA,@jorgegomez2237,/@jorgegomez2237,1.0,0.0,autor,,,
UCZLG9qH0tUjNhEGFIUt0CYw,@SoniaMarroquin-y6e,/@SoniaMarroquin-y6e,1.0,0.0,autor,,,
UCZOmq6MwFDVoCaEl99BRRaw,@daniloarevalo3170,/@daniloarevalo3170,0.0,0.0,autor,,,
UCZeIIQrGAedW8tCbKWmGY-A,@mariocordon8873,/@mariocordon8873,9.0,0.0,autor,,,
UCZjm6U576nX8WOiLhmMR3bw,@MariaNavarroYT,/@MariaNavarroYT,3.0,1.0,autor,,,
UC_3xuTXvMIWU5MYP9HkJ3vQ,@Historia-wm4os,/@Historia-wm4os,4.0,0.0,autor,,,
UC_6KbBY1bsYXz9fwFS0eQRg,@imrcp5694,/@imrcp5694,0.0,0.0,autor,,,
UC_LYoGs5C3mbZKZuKuqYCvw,@javiercifuentesarchila6041,/@javiercifuentesarchila6041,7.0,0.0,autor,,,
UC_NRVt2UP88ZNTwzrZ66JSg,@aditalissethevasquezrojas8039,/@aditalissethevasquezrojas8039,2.0,0.0,autor,,,
UC_ljZ1hZXR9pzexFz87P5ZA,@ChRiStOpHeR7969,/@ChRiStOpHeR7969,0.0,0.0,autor,,,
UCa36MjQLoPAmgJo-R3G8WQA,@elsasalguero6914,/@elsasalguero6914,3.0,0.0,autor,,,
UCaKAjTW9MVub_clgr4DRYjQ,@josecastillo4390,/@josecastillo4390,6.0,0.0,autor,,,
UCaT4saRcyqCLE657Rq2hhZQ,@elmilenial4064,/@elmilenial4064,0.0,0.0,autor,,,
UCaT6M2zp7X6r6Whd8Vv3kHQ,@alexarcos8349,/@alexarcos8349,1.0,0.0,autor,,,
UCat2qkYvqmtDNEmo2PVuhXw,@DoraSalas-j5o,/@DoraSalas-j5o,1.0,0.0,autor,,,
UCbNanjFI51cwGqMAb2rOrBw,@RosaMontesdeOca777,/@RosaMontesdeOca777,0.0,0.0,autor,,,
UCbYoNG5J3Au5BqtbXogfEFw,@Luis-gn3fj,/@Luis-gn3fj,1.0,0.0,autor,,,
UCbrtvygfRT6QXqWDNrOf-cA,@Alejandro00710,/@Alejandro00710,0.0,0.0,autor,,,
UCcFIBN-rtC3d3hXeuN5TfWw,@DenisRMC,/@DenisRMC,0.0,0.0,autor,,,
UCc_F88PzGWtA1OPNUEASulA,@rockyscarlet,/@rockyscarlet,0.0,0.0,autor,,,
UCcfdg8crmMJwEuLUsAhV7yg,@RolandoRaguay,/@RolandoRaguay,1.0,0.0,autor,,,
UCdFlugHJJa4l3YqWuNRmvXw,@MarcosCarillo-b1r,/@MarcosCarillo-b1r,0.0,1.0,autor,,,
UCdQAuWwyC99MB7Y02Umj26Q,@miguelbran1268,/@miguelbran1268,0.0,0.0,autor,,,
UCe8JZoYkX5oKUZyivHYdXhw,@FernandoGarcia-jg1fj,/@FernandoGarcia-jg1fj,0.0,0.0,autor,,,
UCeDNEtI8_a42bZ47wJiJMwQ,@EdgarcalderonCalderong,/@EdgarcalderonCalderong,0.0,0.0,autor,,,
UCeQk-WfEA-cJRq4EKeE7TOw,@franciscojuarez9223,/@franciscojuarez9223,0.0,0.0,autor,,,
UCefAH1MbvADWUjE9WVcB9EQ,@jabriz8152,/@jabriz8152,0.0,0.0,autor,,,
UCf5lnNZF7Qrtli9v4N_23WQ,@CarlosCortez-v5r,/@CarlosCortez-v5r,0.0,0.0,autor,,,
UCfM3nrxtTQMY5jFx1v1J4Gg,@edgarroldan5539,/@edgarroldan5539,0.0,0.0,autor,,,
UCfRqgt2O-vjzUDMZY_tnxQw,@Williams-Garcia67E,/@Williams-Garcia67E,0.0,0.0,autor,,,
UCfXykdbSU97rj987LDUGfvg,@MariaSantos-c8y3h,/@MariaSantos-c8y3h,1.0,0.0,autor,,,
UCfjhejO7LZy4doXURa7LZCQ,@HonwayLee-z5g,/@HonwayLee-z5g,0.0,0.0,autor,,,
UCfo_yUPzy1f1POwwZxhZ06Q,@lara11roberto,/@lara11roberto,1.0,0.0,autor,,,
UCg3eIfd7BrsLEqS0BLkftHA,@ErmePérez-q4s,/@ErmeP%C3%A9rez-q4s,0.0,0.0,autor,,,
UCgGqw4aqMdMVSGkKiMgrJRQ,@pattyfigueroa5609,/@pattyfigueroa5609,0.0,0.0,autor,,,
UCgJNFj5dnxXpcMvmuhZDPxA,@NataliaRodriguez-rx5mr,/@NataliaRodriguez-rx5mr,1.0,0.0,autor,,,
UCgLrWFdYitoP-b7-PxtUr-w,@zetag,/@zetag,405.0,3.0,autor,,,
UCgLurCo-e019HGODcjXHWCw,@perritojuega1,/@perritojuega1,2.0,0.0,autor,,,
UCgQJgI9vu1FI2dnC9mrFthw,@srms70,/@srms70,2.0,0.0,autor,,,
UCgQw_Sbq3ugruDUKsq1e0-A,@marlenareano-h4t,/@marlenareano-h4t,0.0,0.0,autor,,,
UCgvw7xIdGFupzpt1Y_BFkEA,@fredygarcia9151,/@fredygarcia9151,1.0,0.0,autor,,,
UCh5ESQvtzyHDhCA7XyekCFA,@andyB5280,/@andyB5280,4.0,0.0,autor,,,
UChT7pzGytNd92Nmvi-zuWog,@sparkvalkov,/@sparkvalkov,1.0,0.0,autor,,,
UChZknRmJkeGeQk0-mQuhDOg,@OdilioRodríguez-c5w,/@OdilioRodr%C3%ADguez-c5w,1.0,0.0,autor,,,
UCheEJ5GZuIvV0fj-nXyVwXw,@rosaoliva9389,/@rosaoliva9389,0.0,0.0,autor,,,
UChep9kVb5gQmpodEEl10Xlg,@carlosaguilar-kz7ml,/@carlosaguilar-kz7ml,0.0,0.0,autor,,,
UChgkn5Jt5tWKYMoEOuCjz3Q,@pablochitay46,/@pablochitay46,2.0,0.0,autor,,,
UChs3tU2BcKOT0CezykvAsGw,@byronpontaza,/@byronpontaza,4.0,0.0,autor,,,
UChyps3dqY-VY1_wLeq-2lhw,@maydamorales4395,/@maydamorales4395,14.0,1.0,autor,,,
UCi-vPdnpQreC7BkFs40mJGA,@bryansicasales4280,/@bryansicasales4280,35.0,0.0,autor,,,
UCi1b_TRQfgO1Z9O2gNGGWNA,@davidisraelesquitsaquil,/@davidisraelesquitsaquil,0.0,0.0,autor,,,
UCi2KiZq63sRq8Mfbcp-MelQ,@eugeneramirez4405,/@eugeneramirez4405,1.0,0.0,autor,,,
UCiC-Jn7wdgyQV4_Urk0DkWQ,@pedroros6358,/@pedroros6358,1.0,0.0,autor,,,
UCiGRBf2RNF0WRKhRVT7zFoA,@edwinavila4876,/@edwinavila4876,0.0,0.0,autor,,,
UCiMythXHsw7eQEMykCdmMUA,@JavierBecerra-h6x,/@JavierBecerra-h6x,2.0,0.0,autor,,,
UCiOZX__1gahg1ypIj0_XG_w,@mariogonzalezorellana8956,/@mariogonzalezorellana8956,1.0,0.0,autor,,,
UCipetjeiWj4CZB6EbyYziZg,@OseasSamayoa-ol5rz,/@OseasSamayoa-ol5rz,0.0,0.0,autor,,,
UCj-LL25XJnjxepPKCc3NGog,@anaaguirre8985,/@anaaguirre8985,1.0,0.0,autor,,,
UCjJf-AJKRFFWtiN-CSwkDmA,@2jose82,/@2jose82,0.0,0.0,autor,,,
UCjSKM9j0Q7HLDr1hD6D-TUw,@josehidalgo4875,/@josehidalgo4875,2.0,0.0,autor,,,
UCjZgFEowMBrsjodqfovzdKw,@franciscoflores3120,/@franciscoflores3120,0.0,0.0,autor,,,
UCjmPuazZJzscrwvk0QR9RVw,@mynorrodas8591,/@mynorrodas8591,2.0,0.0,autor,,,
UCk4O-J1BhoqPmig1KLGJePA,@lazarobarillas3575,/@lazarobarillas3575,0.0,0.0,autor,,,
UCkVtmkK07b2zaVVNssX4lOg,@HectorElias-u2l,/@HectorElias-u2l,0.0,0.0,autor,,,
UCkbsS_3D-pvg1iHOld9uvIg,@gonzalo6075,/@gonzalo6075,0.0,0.0,autor,,,
UCkd9W714-947dEE6ZOEBATA,@ARGELIATELON,/@ARGELIATELON,3.0,0.0,autor,,,
UCkxdJ_yGN2gghOMo2ybQtXQ,@11223344An,/@11223344An,1.0,0.0,autor,,,
UCl0ekS9Tt0jJGtOEM18S63w,@monkchapin,/@monkchapin,0.0,0.0,autor,,,
UCld2stqxaVSk0QdGncM224A,@sarahernandez3873,/@sarahernandez3873,4.0,0.0,autor,,,
UClhMWQ7XKWywYvbRnuf8QsA,@EcPerez-zz9oh,/@EcPerez-zz9oh,0.0,0.0,autor,,,
UCljDbleJul41G1TzOjOZAVA,@hectorcarranza3777,/@hectorcarranza3777,1.0,0.0,autor,,,
UClqA491Xa5fQcXcJJa-vTWw,@AndresLemus-k2d,/@AndresLemus-k2d,0.0,0.0,autor,,,
UClsrFGJKWPxxw7MiaEdKLXw,@ericapaz5406,/@ericapaz5406,3.0,2.0,autor,,,
UCmjppp6ujz3SAnULvP3sZMw,@marcomendez7509,/@marcomendez7509,0.0,0.0,autor,,,
UCmvOgzmmXbjUthHy-WJ52hQ,@mariorodas593,/@mariorodas593,1.0,0.0,autor,,,
UCnU8wO1OurAmGstDw6VGjgQ,@cmorera21,/@cmorera21,0.0,0.0,autor,,,
UCoGdCoJg2Lh0OX_jv6cG16g,@Israel-u5i7i,/@Israel-u5i7i,2.0,0.0,autor,,,
UColMq7LmaoY3MT6aIDGrGvA,@quijotachapina1,/@quijotachapina1,0.0,0.0,autor,,,
UCozFYHN0e_-vlQbX3wQGOug,@jesusguzman2321,/@jesusguzman2321,5.0,2.0,autor,,,
UCp29O_C7cchZV8IxV7Crdag,@robertoescobar5507,/@robertoescobar5507,0.0,0.0,autor,,,
UCp4iw5_5SmV9VGTFSNVGOmQ,@CARLOSSTREMS51,/@CARLOSSTREMS51,0.0,0.0,autor,,,
UCpIdtvoFHVLGASGB5ySqIEA,@VidalVillatoro-p4w,/@VidalVillatoro-p4w,1.0,0.0,autor,,,
UCp_dAUfv8i3LW3zWc24dLaQ,@MarioCortez-o6v,/@MarioCortez-o6v,1.0,0.0,autor,,,
UCpe5jW3MIqkgTJ-PgkzvM6Q,@carloslam5333,/@carloslam5333,1.0,0.0,autor,,,
UCpl8rF8uv_8uui-QRvuJaRA,@SergioGarcia-z9c,/@SergioGarcia-z9c,0.0,0.0,autor,,,
UCplrIQtaPj6au60_f2-mOYw,@romeolopezherrarte799,/@romeolopezherrarte799,0.0,0.0,autor,,,
UCpsKOkt5iWTbenzeuq7dsmQ,@inge_vergueta,/@inge_vergueta,4.0,0.0,autor,,,
UCq3mDTTRZnUybct5M9OSXbg,@MacoMorales-i2i2d,/@MacoMorales-i2i2d,1.0,0.0,autor,,,
UCqCrvuoJpC-aVb0f4logQRQ,@Lyrics_GT,/@Lyrics_GT,0.0,0.0,autor,,,
UCqilIa8r7iek5sGYg_q6ofA,@rolandojuchuna484,/@rolandojuchuna484,52.0,1.0,autor,,,
UCql1n3Ey6ULMSOACjMe-fxQ,@RolandoGonzalez-o7g,/@RolandoGonzalez-o7g,6.0,7.0,autor,,,
UCr1emrogPKkKTs_WTtx71xg,@domingopeneleu6457,/@domingopeneleu6457,0.0,0.0,autor,,,
UCrJn_rbo_ENAdeqneS-RmRw,@josecarrera9623,/@josecarrera9623,1.0,0.0,autor,,,
UCrqXyRsg-_hTosURZ-uvoKg,@flornolberto2425,/@flornolberto2425,0.0,0.0,autor,,,
UCsGoJEvb-cFPZ2rWoJcXzEQ,@sergiohinestroza9709,/@sergiohinestroza9709,10.0,0.0,autor,,,
UCsJJAvrVGupdmhOqgtDp8dg,@nestorlorenzana1168,/@nestorlorenzana1168,1.0,0.0,autor,,,
UCsSXdJct-nsS8DsABoEsaYA,@IvánPérez-j4j,/@Iv%C3%A1nP%C3%A9rez-j4j,2.0,1.0,autor,,,
UCsUCN0Yq_UyTvKjOJLmNrnQ,@moisesvaldez4043,/@moisesvaldez4043,0.0,0.0,autor,,,
UCs_5qeqdku9tGAq22y3OcuQ,@alexandrevasquez4135,/@alexandrevasquez4135,4.0,0.0,autor,,,
UCsjs5Hp_r86x1xbK6FAeqaA,@alvaroesquivel563,/@alvaroesquivel563,2.0,0.0,autor,,,
UCtCtts20bW6F9CSohau51Iw,@carlosgranados9875,/@carlosgranados9875,0.0,0.0,autor,,,
UCtMBF_1O2jY2INlb_luuB_A,@mynorgudiel8646,/@mynorgudiel8646,15.0,0.0,autor,,,
UCtNfIBnc5S5DbbQj_yxgJTw,@JosueRamirez-ey3ih,/@JosueRamirez-ey3ih,1.0,0.0,autor,,,
UCtNyHmRZtvGF2hSvI2dUBWw,@aureliomaldonado4793,/@aureliomaldonado4793,1.0,0.0,autor,,,
UCtUR3_CAiE7fCoZHM6cMfyQ,@mdelcid01,/@mdelcid01,10.0,0.0,autor,,,
UCtiHFjFu7d5v2XxHnKFUYig,@Paul-gf7ec,/@Paul-gf7ec,0.0,0.0,autor,,,
UCtowGNY2lnlg6O2CkwDgkLg,@taniagabrielacelis8434,/@taniagabrielacelis8434,2.0,0.0,autor,,,
UCtsxPYw8VUsH_FfnKg-0lmw,@AlejandroPérez-b6r,/@AlejandroP%C3%A9rez-b6r,2.0,0.0,autor,,,
UCu8_3-Wg-YzNyvHYQDEscfw,@RolandoCastroPérez-d7y,/@RolandoCastroP%C3%A9rez-d7y,2.0,0.0,autor,,,
UCuP4UK33HKtJE_S39ksmaTw,@herbertaguilar1387,/@herbertaguilar1387,0.0,0.0,autor,,,
UCuXmOjxC-htcprLgeVXz6Tg,@jorgeaguilar-bq3uj,/@jorgeaguilar-bq3uj,1.0,0.0,autor,,,
UCueV9cTyTDwgQSec1x2dYgA,@fredydomingo7062,/@fredydomingo7062,0.0,0.0,autor,,,
UCujPF2nBgsTD62nWE3lcpIg,@victorarturoruanobautista7588,/@victorarturoruanobautista7588,0.0,0.0,autor,,,
UCusjriFsDHEc2AOjqk-p5ig,@pablobarrios7931,/@pablobarrios7931,2.0,0.0,autor,,,
UCut6b9S98nv84cVX89PmKzA,@yeniferaguirre4498,/@yeniferaguirre4498,1.0,0.0,autor,,,
UCvApqeCbLod-wejtT4CcVuA,@davidgaher9550,/@davidgaher9550,15.0,0.0,autor,,,
UCvDwJBBY1mHK70aTEYl6rsA,@cristianescobedo8296,/@cristianescobedo8296,1.0,0.0,autor,,,
UCvcu1kR8xMYy_I1Ty-2mV2Q,@hashojea7348,/@hashojea7348,0.0,0.0,autor,,,
UCvl1tzQeBeGy6efPTRJXSCw,@RaulPerez-cw2vi,/@RaulPerez-cw2vi,0.0,0.0,autor,,,
UCwCfs-2zbD5k0lG-UVg_JBw,@JessicaHuaz-96,/@JessicaHuaz-96,0.0,0.0,autor,,,
UCwEe1RKlEv1UpNWmWYfSh4w,@marioramirez299,/@marioramirez299,0.0,0.0,autor,,,
UCwO2SXr0ggzwg6QWWrr01nQ,@ricardofigueroa5720,/@ricardofigueroa5720,11.0,0.0,autor,,,
UCwUAv3_LpWVtTIi7lkmTL7A,@kingr4706,/@kingr4706,16.0,0.0,autor,,,
UCwW2OFy95P7ZBkOPxWkpvYg,@TeresaLucero-b5o,/@TeresaLucero-b5o,2.0,0.0,autor,,,
UCwgCc9Jd_gG-uLE_SY-FfPg,@armindapenados2841,/@armindapenados2841,0.0,0.0,autor,,,
UCwha8rxULYMVtNwZWeSkE1A,@mariasamo8637,/@mariasamo8637,0.0,0.0,autor,,,
UCwjUvRseNtJoItylIyIez7Q,@Silviazea,/@Silviazea,0.0,0.0,autor,,,
UCwxoKK59nGCeBqB2sXfDBIw,@vic-bonivideos,/@vic-bonivideos,0.0,1.0,autor,,,
UCxKR3RA8T-kxMgq_2WWhRcQ,@elenaluarca9377,/@elenaluarca9377,329.0,5.0,autor,,,
UCxcoDvP-g2_KTZDmVZtvb3w,@angelmartinez9523,/@angelmartinez9523,0.0,0.0,autor,,,
UCxff05WuyvwELNITi7bj7UA,@markoherrera,/@markoherrera,3.0,0.0,autor,,,
UCxhtlxPV8AYWaNNyU6S9H8Q,@WilR-s8r,/@WilR-s8r,0.0,0.0,autor,,,
UCyJhqmMbsvjpoarBBStA2kg,@Murmullodelbarrio,/@Murmullodelbarrio,14.0,0.0,autor,,,
UCySYJU5kUh7X8gVt9la2ISA,@dantesarti4351,/@dantesarti4351,0.0,0.0,autor,,,
UCyW68EGZey4ao_Vf2cR5Ztg,@ZabalaXabier,/@ZabalaXabier,0.0,0.0,autor,,,
UCylqlpsh8ENNM1LqgQ1KbxA,@Jel.Awesh.M,/@Jel.Awesh.M,1.0,0.0,autor,,,
UCyor0Mmm0ivLX2jIdyGp84Q,@MiguelJordan-n3g,/@MiguelJordan-n3g,0.0,0.0,autor,,,
UCyzf29IYjNw67gGIfsjgtxA,@carlosoliva9249,/@carlosoliva9249,45.0,0.0,autor,,,
UCz3gu01bmjNv0DpRq-K3XYg,@eusebiovasquez4385,/@eusebiovasquez4385,2.0,0.0,autor,,,
UCzSfZlOVxBSs5ObD25ywxDQ,@GilmarMaldonado-q9m,/@GilmarMaldonado-q9m,0.0,0.0,autor,,,
UCzZ6dDCEsLMXbc5pCFXIprw,@josegil3813,/@josegil3813,0.0,0.0,autor,,,
UCzoL2l5H5eVlorWGH8AZfAg,@jor77cas,/@jor77cas,6.0,0.0,autor,,,
06mFNPU0aB8,Capturan a presuntos delincuentes disfrazados de mujer señalados de cometer asalto,Noti7,,,video,UCVpSRoZgngfSL03Nlbjtq9A,News & Politics,6692.0
3Nfp9h5avBI,"Noticiero en Directo 1 pm, 28 de Agosto de 2026",Noticiero Guatevisión 13 Hrs.,,,video,UCdSVqHGHzyMTXSafUHY-e-w,News & Politics,573.0
6W4u8sGEnGM,Inician los trabajos de recuperación del Puente Belice II.,Gobierno de la República de Guatemala,,,video,UC-ZtFBHzgkYFh7whZkuR_Ag,Entertainment,11670.0
JkpVO1hx2f8,10 Preguntas a un año del Paro Nacional,Quorum,,,video,UCE4rsXcgDb6e1-a9iTbWzfg,News & Politics,673.0
OkXlHx0hx-8,EE.UU. envía a mexicanos deportados a Guatemala antes de su regreso a México | Noticias Telemundo,Noticias Telemundo,,,video,UCRwA1NUcUnwsly35ikGhp0A,News & Politics,14200.0
PjmxCj-a9Hg,Conferencia de Prensa del Gobierno de Guatemala. #LaRondaGt,Gobierno de la República de Guatemala,,,video,UC-ZtFBHzgkYFh7whZkuR_Ag,Entertainment,3628.0
TT4qJ5FXHYE,"I’x K’at: el primer equipo guatemalteco de pelota maya, conformado únicamente por mujeres.",Quorum,,,video,UCE4rsXcgDb6e1-a9iTbWzfg,News & Politics,1075.0
UhL9y3KUl8E,SHAI WA: la vecina queer de Casa Presidencial,Quorum,,,video,UCE4rsXcgDb6e1-a9iTbWzfg,News & Politics,1755.0
WIUZtitfLRw,Caminar en una ciudad hecha para carros,Quorum,,,video,UCE4rsXcgDb6e1-a9iTbWzfg,News & Politics,422.0
X_FAIef8qlE,Cruzando la ciudad a puro Transmetro,Quorum,,,video,UCE4rsXcgDb6e1-a9iTbWzfg,News & Politics,1140.0
b_Hkrkl3adA,Bloqueos en Guatemala este 31 de agosto por alza en combustibles afectan rutas principales,PrensaLibreOficial,,,video,UCEepOY2svuxbsJ-zsAPT9Fg,News & Politics,5469.0
is3Mk5oC19g,Capturan a ladrón que había quedado grabado mientras robaba en una parroquia de Retalhuleu,TN23 Guatemala,,,video,UCt5Dw7ePnn0AqPqRF8Xpjkw,News & Politics,4616.0
j43HgwYFKfk,La cooptación de Walter Mazariegos en la USAC,Quorum,,,video,UCE4rsXcgDb6e1-a9iTbWzfg,News & Politics,10156.0
lj983NWyAQY,Plan 2032 Ciudad de Guatemala,Municipalidad de Guatemala,,,video,UCXa6LVjBzUtmcM3cwbd9e2w,News & Politics,304089.0
n8iP75gIpmw,Qué rico come tu diputado,Quorum,,,video,UCE4rsXcgDb6e1-a9iTbWzfg,News & Politics,11775.0
ndAZjHqzzT8,Internet: escoger el menos malo,Quorum,,,video,UCE4rsXcgDb6e1-a9iTbWzfg,News & Politics,717.0
s0eco-BofOs,¿Quiénes pagan más en Centroamérica?,Quorum,,,video,UCE4rsXcgDb6e1-a9iTbWzfg,News & Politics,220.0
yLZS3JiEBg8,Arroz con pollo a la MONOPOLIO,Quorum,,,video,UCE4rsXcgDb6e1-a9iTbWzfg,News & Politics,1954.0
zweosulrwA8,Edén por Salud: empleo inclusivo para personas con discapacidad en Antigua | Super - Episodio 2,Quorum,,,video,UCE4rsXcgDb6e1-a9iTbWzfg,Nonprofits & Activism,52.0
